,DR,TM,accuracy_local,accuracy_global,perception
2249,tsne,bert,0.96,0.72,0.66
2250,tsne,bert,0.96,0.72,0.66
2251,tsne,bert,0.96,0.71,0.69
2252,tsne,bert,0.96,0.7,0.69
2253,tsne,bert,0.96,0.72,0.66
2254,tsne,bert,0.96,0.72,0.66
2255,tsne,bert,0.96,0.72,0.65
2256,tsne,bert,0.96,0.72,0.66
2257,tsne,bert,0.96,0.69,0.66
2258,tsne,bert,0.96,0.72,0.66
2259,tsne,bert,0.96,0.69,0.67
2260,tsne,bert,0.96,0.72,0.65
2261,tsne,bert,0.96,0.71,0.68
2262,tsne,bert,0.96,0.68,0.66
2263,tsne,bert,0.96,0.72,0.66
2264,tsne,bert,0.96,0.72,0.67
2265,tsne,bert,0.96,0.7,0.69
2266,tsne,bert,0.96,0.71,0.66
2267,tsne,bert,0.96,0.72,0.66
2268,tsne,bert,0.96,0.69,0.66
2269,tsne,bert,0.96,0.72,0.66
2270,tsne,bert,0.96,0.72,0.66
2271,tsne,bert,0.96,0.69,0.66
2272,tsne,bert,0.96,0.72,0.66
2273,tsne,bert,0.96,0.72,0.66
2274,tsne,bert,0.96,0.72,0.66
2275,tsne,bert,0.96,0.72,0.66
2276,tsne,bert,0.96,0.71,0.69
2277,tsne,bert,0.96,0.72,0.66
2278,tsne,bert,0.96,0.72,0.66
2279,tsne,bert,0.96,0.72,0.66
2280,tsne,bert,0.96,0.69,0.67
2281,tsne,bert,0.96,0.69,0.66
2282,tsne,bert,0.96,0.72,0.66
2283,tsne,bert,0.96,0.69,0.66
2284,tsne,bert,0.96,0.72,0.65
2285,tsne,bert,0.96,0.72,0.66
2286,tsne,bert,0.96,0.7,0.69
2287,tsne,bert,0.96,0.69,0.66
2288,tsne,bert,0.96,0.71,0.66
2289,tsne,bert,0.96,0.7,0.69
2290,tsne,bert,0.96,0.72,0.67
2291,tsne,bert,0.96,0.72,0.66
2292,tsne,bert,0.96,0.72,0.66
2293,tsne,bert,0.96,0.72,0.67
2294,tsne,bert,0.96,0.72,0.66
2295,tsne,bert,0.96,0.72,0.66
2296,tsne,bert,0.96,0.72,0.66
2297,tsne,bert,0.96,0.69,0.66
2298,tsne,bert,0.96,0.72,0.66
2299,tsne,bert,0.97,0.72,0.69
2300,tsne,bert,0.96,0.72,0.66
2301,tsne,bert,0.96,0.72,0.66
2302,tsne,bert,0.96,0.71,0.69
2303,tsne,bert,0.96,0.72,0.65
2304,tsne,bert,0.96,0.72,0.66
2305,tsne,bert,0.96,0.73,0.66
2306,tsne,bert,0.96,0.72,0.66
2307,tsne,bert,0.96,0.71,0.69
2308,tsne,bert,0.96,0.72,0.66
2309,tsne,bert,0.96,0.72,0.66
2310,tsne,bert,0.96,0.72,0.66
2311,tsne,bert,0.96,0.7,0.69
2312,tsne,bert,0.96,0.7,0.7
2313,tsne,bert,0.96,0.72,0.66
2314,tsne,bert,0.96,0.72,0.65
2315,tsne,bert,0.96,0.72,0.66
2316,tsne,bert,0.96,0.72,0.66
2317,tsne,bert,0.96,0.72,0.65
2318,tsne,bert,0.96,0.69,0.67
2319,tsne,bert,0.96,0.72,0.65
2320,tsne,bert,0.96,0.72,0.66
2321,tsne,bert,0.96,0.68,0.66
2322,tsne,bert,0.96,0.69,0.66
2323,tsne,bert,0.96,0.72,0.66
2324,tsne,bert,0.96,0.72,0.66
2325,tsne,bert,0.96,0.7,0.69
2326,tsne,bert,0.96,0.72,0.66
2327,tsne,bert,0.96,0.69,0.66
2328,tsne,bert,0.96,0.72,0.66
2329,tsne,bert,0.96,0.72,0.65
2330,tsne,bert,0.96,0.72,0.65
2331,tsne,bert,0.96,0.69,0.66
2332,tsne,bert,0.96,0.72,0.66
2333,tsne,bert,0.96,0.72,0.66
2334,tsne,bert,0.96,0.72,0.67
2335,tsne,bert,0.96,0.69,0.69
2336,tsne,bert,0.96,0.69,0.66
2337,tsne,bert,0.96,0.69,0.67
2338,tsne,bert,0.96,0.72,0.66
2339,tsne,bert,0.96,0.72,0.66
2340,tsne,bert,0.96,0.72,0.66
2341,tsne,bert,0.96,0.72,0.66
2342,tsne,bert,0.96,0.68,0.66
2343,tsne,bert,0.96,0.7,0.69
2344,tsne,bert,0.96,0.72,0.66
2345,tsne,bert,0.96,0.72,0.66
2346,tsne,bert,0.97,0.72,0.68
2347,tsne,bert,0.96,0.72,0.67
2348,tsne,bert,0.96,0.72,0.66
2349,tsne,bert,0.96,0.72,0.66
2350,tsne,bert,0.96,0.72,0.66
2351,tsne,bert,0.96,0.71,0.68
2352,tsne,bert,0.96,0.69,0.67
2353,tsne,bert,0.96,0.72,0.66
2354,tsne,bert,0.96,0.72,0.66
2355,tsne,bert,0.96,0.72,0.66
2356,tsne,bert,0.96,0.7,0.69
2357,tsne,bert,0.96,0.72,0.66
2358,tsne,bert,0.96,0.71,0.65
2359,tsne,bert,0.96,0.7,0.69
2360,tsne,bert,0.96,0.72,0.66
2361,tsne,bert,0.96,0.72,0.66
2362,tsne,bert,0.96,0.69,0.66
2363,tsne,bert,0.96,0.72,0.66
2364,tsne,bert,0.96,0.72,0.66
2365,tsne,bert,0.96,0.72,0.66
2366,tsne,bert,0.96,0.72,0.66
2367,tsne,bert,0.96,0.69,0.66
2368,tsne,bert,0.96,0.72,0.66
2369,tsne,bert,0.96,0.72,0.66
2370,tsne,bert,0.96,0.7,0.69
2371,tsne,bert,0.96,0.71,0.69
2372,tsne,bert,0.96,0.72,0.66
2373,tsne,bert,0.96,0.69,0.66
2374,tsne,bert,0.96,0.73,0.66
2375,tsne,bert,0.96,0.7,0.69
2376,tsne,bert,0.96,0.69,0.66
2377,tsne,bert,0.96,0.73,0.65
2378,tsne,bert,0.96,0.72,0.66
2379,tsne,bert,0.96,0.72,0.66
2380,tsne,bert,0.96,0.71,0.68
2381,tsne,bert,0.96,0.7,0.69
2382,tsne,bert,0.96,0.7,0.69
2383,tsne,bert,0.96,0.72,0.65
2384,tsne,bert,0.96,0.72,0.66
2385,tsne,bert,0.96,0.72,0.66
2386,tsne,bert,0.96,0.72,0.66
2387,tsne,bert,0.96,0.68,0.66
2388,tsne,bert,0.96,0.71,0.69
2389,tsne,bert,0.96,0.72,0.66
2390,tsne,bert,0.97,0.72,0.68
2391,tsne,bert,0.96,0.7,0.69
2392,tsne,bert,0.96,0.72,0.66
2471,tsne,bert,0.97,0.75,0.65
2472,tsne,bert,0.97,0.73,0.66
2473,tsne,bert,0.97,0.74,0.66
2474,tsne,bert,0.97,0.74,0.65
2475,tsne,bert,0.97,0.75,0.67
2476,tsne,bert,0.97,0.74,0.66
2477,tsne,bert,0.97,0.74,0.65
2478,tsne,bert,0.96,0.73,0.65
2479,tsne,bert,0.97,0.74,0.68
2480,tsne,bert,0.97,0.74,0.67
2481,tsne,bert,0.97,0.75,0.67
2482,tsne,bert,0.97,0.75,0.65
2483,tsne,bert,0.97,0.73,0.67
2484,tsne,bert,0.97,0.73,0.66
2485,tsne,bert,0.97,0.74,0.67
2486,tsne,bert,0.97,0.74,0.66
2487,tsne,bert,0.96,0.72,0.63
2488,tsne,bert,0.97,0.74,0.66
2489,tsne,bert,0.96,0.73,0.65
2490,tsne,bert,0.97,0.74,0.67
2491,tsne,bert,0.97,0.75,0.67
2492,tsne,bert,0.97,0.75,0.67
2493,tsne,bert,0.97,0.73,0.65
2494,tsne,bert,0.97,0.75,0.66
2495,tsne,bert,0.97,0.74,0.65
2496,tsne,bert,0.96,0.72,0.64
2497,tsne,bert,0.97,0.73,0.65
2498,tsne,bert,0.97,0.75,0.66
2499,tsne,bert,0.97,0.74,0.67
2500,tsne,bert,0.97,0.74,0.68
2501,tsne,bert,0.97,0.74,0.68
2502,tsne,bert,0.97,0.74,0.68
2503,tsne,bert,0.97,0.75,0.66
2504,tsne,bert,0.97,0.73,0.66
2505,tsne,bert,0.97,0.74,0.67
2506,tsne,bert,0.97,0.74,0.66
2507,tsne,bert,0.96,0.73,0.64
2508,tsne,bert,0.96,0.73,0.65
2509,tsne,bert,0.97,0.75,0.67
2510,tsne,bert,0.97,0.74,0.65
2511,tsne,bert,0.96,0.72,0.64
2512,tsne,bert,0.97,0.75,0.66
2513,tsne,bert,0.97,0.75,0.67
2514,tsne,bert,0.97,0.74,0.66
2515,tsne,bert,0.96,0.73,0.64
2516,tsne,bert,0.97,0.74,0.65
2517,tsne,bert,0.97,0.75,0.67
2518,tsne,bert,0.97,0.75,0.67
2519,tsne,bert,0.97,0.74,0.66
2520,tsne,bert,0.97,0.75,0.67
2521,tsne,bert,0.97,0.75,0.66
2522,tsne,bert,0.96,0.73,0.65
2523,tsne,bert,0.97,0.75,0.66
2524,tsne,bert,0.97,0.75,0.66
2525,tsne,bert,0.97,0.74,0.68
2526,tsne,bert,0.96,0.72,0.65
2527,tsne,bert,0.97,0.75,0.67
2528,tsne,bert,0.96,0.73,0.65
2529,tsne,bert,0.97,0.74,0.65
2530,tsne,bert,0.97,0.74,0.68
2531,tsne,bert,0.97,0.74,0.65
2532,tsne,bert,0.97,0.74,0.65
2533,tsne,bert,0.97,0.74,0.66
2534,tsne,bert,0.96,0.72,0.65
2535,tsne,bert,0.97,0.74,0.67
2536,tsne,bert,0.97,0.74,0.65
2537,tsne,bert,0.97,0.75,0.67
2538,tsne,bert,0.97,0.74,0.66
2539,tsne,bert,0.97,0.75,0.67
2540,tsne,bert,0.97,0.74,0.65
2541,tsne,bert,0.97,0.75,0.67
2542,tsne,bert,0.97,0.74,0.67
2543,tsne,bert,0.97,0.74,0.65
2544,tsne,bert,0.97,0.75,0.66
2545,tsne,bert,0.97,0.75,0.67
2546,tsne,bert,0.97,0.75,0.66
2547,tsne,bert,0.97,0.74,0.66
2548,tsne,bert,0.97,0.75,0.67
2549,tsne,bert,0.97,0.74,0.67
2550,tsne,bert,0.97,0.75,0.66
2551,tsne,bert,0.97,0.74,0.66
2552,tsne,bert,0.97,0.74,0.68
2553,tsne,bert,0.97,0.73,0.66
2554,tsne,bert,0.97,0.74,0.67
2555,tsne,bert,0.96,0.72,0.65
2556,tsne,bert,0.97,0.74,0.68
2557,tsne,bert,0.97,0.73,0.66
2558,tsne,bert,0.97,0.74,0.67
2559,tsne,bert,0.97,0.74,0.65
2560,tsne,bert,0.96,0.73,0.65
2561,tsne,bert,0.97,0.75,0.67
2562,tsne,bert,0.96,0.72,0.64
2563,tsne,bert,0.97,0.74,0.68
2564,tsne,bert,0.97,0.74,0.68
2565,tsne,bert,0.97,0.75,0.66
2566,tsne,bert,0.97,0.73,0.67
2567,tsne,bert,0.97,0.75,0.67
2568,tsne,bert,0.97,0.75,0.67
2569,tsne,bert,0.97,0.74,0.67
2570,tsne,bert,0.97,0.74,0.66
2571,tsne,bert,0.97,0.75,0.66
2572,tsne,bert,0.97,0.74,0.67
2573,tsne,bert,0.97,0.75,0.66
2574,tsne,bert,0.97,0.74,0.67
2575,tsne,bert,0.97,0.74,0.68
2576,tsne,bert,0.96,0.72,0.64
2577,tsne,bert,0.97,0.74,0.66
2578,tsne,bert,0.97,0.75,0.67
2579,tsne,bert,0.97,0.75,0.66
2580,tsne,bert,0.97,0.74,0.66
2581,tsne,bert,0.97,0.74,0.67
2582,tsne,bert,0.97,0.73,0.66
2583,tsne,bert,0.96,0.72,0.64
2584,tsne,bert,0.97,0.73,0.66
2585,tsne,bert,0.96,0.72,0.65
2586,tsne,bert,0.97,0.75,0.66
2587,tsne,bert,0.97,0.75,0.67
2588,tsne,bert,0.97,0.74,0.68
2589,tsne,bert,0.96,0.72,0.64
2590,tsne,bert,0.97,0.73,0.66
2591,tsne,bert,0.97,0.75,0.66
2592,tsne,bert,0.97,0.74,0.66
2593,tsne,bert,0.97,0.75,0.66
2594,tsne,bert,0.97,0.74,0.65
2595,tsne,bert,0.97,0.74,0.67
2596,tsne,bert,0.97,0.75,0.65
2597,tsne,bert,0.97,0.75,0.66
2598,tsne,bert,0.97,0.74,0.67
2599,tsne,bert,0.96,0.72,0.64
2600,tsne,bert,0.97,0.75,0.66
2601,tsne,bert,0.97,0.74,0.67
2602,tsne,bert,0.97,0.75,0.66
2603,tsne,bert,0.97,0.74,0.66
2604,tsne,bert,0.97,0.74,0.66
2605,tsne,bert,0.96,0.73,0.64
2606,tsne,bert,0.97,0.73,0.66
2607,tsne,bert,0.97,0.75,0.66
2608,tsne,bert,0.97,0.74,0.65
2609,tsne,bert,0.97,0.74,0.67
2610,tsne,bert,0.96,0.73,0.65
2611,tsne,bert,0.97,0.74,0.68
2612,tsne,bert,0.96,0.72,0.63
2613,tsne,bert,0.97,0.73,0.66
2614,tsne,bert,0.97,0.74,0.65
2693,tsne,bert,0.97,0.71,0.67
2694,tsne,bert,0.96,0.71,0.65
2695,tsne,bert,0.97,0.71,0.67
2696,tsne,bert,0.97,0.71,0.68
2697,tsne,bert,0.97,0.71,0.67
2698,tsne,bert,0.97,0.7,0.68
2699,tsne,bert,0.97,0.71,0.68
2700,tsne,bert,0.97,0.71,0.68
2701,tsne,bert,0.97,0.72,0.67
2702,tsne,bert,0.97,0.71,0.67
2703,tsne,bert,0.97,0.71,0.68
2704,tsne,bert,0.97,0.71,0.68
2705,tsne,bert,0.97,0.71,0.66
2706,tsne,bert,0.96,0.71,0.65
2707,tsne,bert,0.97,0.71,0.68
2708,tsne,bert,0.97,0.7,0.67
2709,tsne,bert,0.97,0.71,0.68
2710,tsne,bert,0.97,0.71,0.67
2711,tsne,bert,0.97,0.72,0.66
2712,tsne,bert,0.96,0.71,0.66
2713,tsne,bert,0.97,0.7,0.67
2714,tsne,bert,0.97,0.71,0.68
2715,tsne,bert,0.96,0.71,0.65
2716,tsne,bert,0.97,0.72,0.66
2717,tsne,bert,0.97,0.71,0.68
2718,tsne,bert,0.97,0.71,0.69
2719,tsne,bert,0.97,0.71,0.67
2720,tsne,bert,0.97,0.71,0.67
2721,tsne,bert,0.96,0.71,0.66
2722,tsne,bert,0.97,0.71,0.67
2723,tsne,bert,0.97,0.71,0.68
2724,tsne,bert,0.97,0.7,0.67
2725,tsne,bert,0.97,0.71,0.68
2726,tsne,bert,0.97,0.71,0.66
2727,tsne,bert,0.97,0.7,0.67
2728,tsne,bert,0.97,0.71,0.67
2729,tsne,bert,0.97,0.71,0.67
2730,tsne,bert,0.97,0.7,0.67
2731,tsne,bert,0.97,0.71,0.67
2732,tsne,bert,0.96,0.7,0.65
2733,tsne,bert,0.97,0.71,0.68
2734,tsne,bert,0.97,0.71,0.68
2735,tsne,bert,0.97,0.7,0.67
2736,tsne,bert,0.96,0.7,0.66
2737,tsne,bert,0.96,0.71,0.66
2738,tsne,bert,0.97,0.71,0.67
2739,tsne,bert,0.96,0.7,0.65
2740,tsne,bert,0.97,0.71,0.68
2741,tsne,bert,0.97,0.71,0.68
2742,tsne,bert,0.97,0.7,0.67
2743,tsne,bert,0.97,0.71,0.67
2744,tsne,bert,0.97,0.7,0.68
2745,tsne,bert,0.97,0.71,0.67
2746,tsne,bert,0.97,0.7,0.68
2747,tsne,bert,0.97,0.71,0.68
2748,tsne,bert,0.97,0.71,0.67
2749,tsne,bert,0.97,0.71,0.68
2750,tsne,bert,0.97,0.71,0.67
2751,tsne,bert,0.97,0.71,0.67
2752,tsne,bert,0.97,0.71,0.66
2753,tsne,bert,0.97,0.71,0.65
2754,tsne,bert,0.97,0.71,0.67
2755,tsne,bert,0.97,0.71,0.68
2756,tsne,bert,0.96,0.7,0.65
2757,tsne,bert,0.96,0.71,0.65
2758,tsne,bert,0.97,0.72,0.66
2759,tsne,bert,0.97,0.71,0.68
2760,tsne,bert,0.97,0.7,0.68
2761,tsne,bert,0.97,0.72,0.66
2762,tsne,bert,0.96,0.71,0.65
2763,tsne,bert,0.97,0.71,0.68
2764,tsne,bert,0.97,0.71,0.66
2765,tsne,bert,0.97,0.71,0.67
2766,tsne,bert,0.97,0.71,0.66
2767,tsne,bert,0.97,0.71,0.68
2768,tsne,bert,0.97,0.71,0.66
2769,tsne,bert,0.96,0.7,0.65
2770,tsne,bert,0.96,0.71,0.65
2771,tsne,bert,0.96,0.7,0.65
2772,tsne,bert,0.97,0.71,0.68
2773,tsne,bert,0.96,0.71,0.65
2774,tsne,bert,0.97,0.71,0.68
2775,tsne,bert,0.97,0.71,0.68
2776,tsne,bert,0.97,0.71,0.68
2777,tsne,bert,0.97,0.7,0.67
2778,tsne,bert,0.97,0.72,0.66
2779,tsne,bert,0.97,0.71,0.68
2780,tsne,bert,0.96,0.71,0.65
2781,tsne,bert,0.97,0.71,0.68
2782,tsne,bert,0.97,0.71,0.66
2783,tsne,bert,0.97,0.72,0.66
2784,tsne,bert,0.97,0.71,0.67
2785,tsne,bert,0.97,0.71,0.68
2786,tsne,bert,0.97,0.71,0.67
2787,tsne,bert,0.97,0.72,0.67
2788,tsne,bert,0.97,0.71,0.67
2789,tsne,bert,0.97,0.71,0.67
2790,tsne,bert,0.96,0.71,0.66
2791,tsne,bert,0.97,0.71,0.68
2792,tsne,bert,0.97,0.71,0.68
2793,tsne,bert,0.97,0.71,0.67
2794,tsne,bert,0.97,0.72,0.67
2795,tsne,bert,0.97,0.71,0.68
2796,tsne,bert,0.97,0.71,0.68
2797,tsne,bert,0.97,0.72,0.66
2798,tsne,bert,0.97,0.71,0.68
2799,tsne,bert,0.96,0.71,0.66
2800,tsne,bert,0.97,0.7,0.67
2801,tsne,bert,0.97,0.71,0.68
2802,tsne,bert,0.97,0.71,0.68
2803,tsne,bert,0.97,0.71,0.68
2804,tsne,bert,0.96,0.71,0.66
2805,tsne,bert,0.97,0.71,0.68
2806,tsne,bert,0.97,0.72,0.65
2807,tsne,bert,0.97,0.7,0.67
2808,tsne,bert,0.97,0.71,0.69
2809,tsne,bert,0.97,0.7,0.68
2810,tsne,bert,0.97,0.71,0.68
2811,tsne,bert,0.97,0.71,0.68
2812,tsne,bert,0.97,0.71,0.66
2813,tsne,bert,0.97,0.71,0.68
2814,tsne,bert,0.97,0.71,0.68
2815,tsne,bert,0.97,0.71,0.67
2816,tsne,bert,0.97,0.71,0.68
2817,tsne,bert,0.97,0.71,0.67
2818,tsne,bert,0.96,0.71,0.65
2819,tsne,bert,0.97,0.71,0.68
2820,tsne,bert,0.97,0.71,0.68
2821,tsne,bert,0.96,0.71,0.66
2822,tsne,bert,0.97,0.71,0.68
2823,tsne,bert,0.97,0.71,0.67
2824,tsne,bert,0.97,0.71,0.68
2825,tsne,bert,0.97,0.71,0.68
2826,tsne,bert,0.97,0.71,0.68
2827,tsne,bert,0.97,0.71,0.67
2828,tsne,bert,0.97,0.71,0.67
2829,tsne,bert,0.97,0.71,0.66
2830,tsne,bert,0.97,0.7,0.69
2831,tsne,bert,0.97,0.71,0.67
2832,tsne,bert,0.97,0.71,0.68
2833,tsne,bert,0.97,0.72,0.66
2834,tsne,bert,0.97,0.71,0.67
2835,tsne,bert,0.97,0.71,0.66
2836,tsne,bert,0.96,0.71,0.65
2915,tsne,bert,0.94,0.63,0.64
2916,tsne,bert,0.94,0.64,0.63
2917,tsne,bert,0.94,0.63,0.64
2918,tsne,bert,0.94,0.64,0.63
2919,tsne,bert,0.94,0.62,0.62
2920,tsne,bert,0.94,0.64,0.65
2921,tsne,bert,0.94,0.63,0.63
2922,tsne,bert,0.94,0.62,0.62
2923,tsne,bert,0.94,0.64,0.65
2924,tsne,bert,0.94,0.62,0.64
2925,tsne,bert,0.94,0.63,0.63
2926,tsne,bert,0.94,0.62,0.64
2927,tsne,bert,0.94,0.63,0.65
2928,tsne,bert,0.94,0.65,0.66
2929,tsne,bert,0.94,0.64,0.66
2930,tsne,bert,0.94,0.63,0.63
2931,tsne,bert,0.94,0.64,0.65
2932,tsne,bert,0.94,0.62,0.63
2933,tsne,bert,0.94,0.63,0.62
2934,tsne,bert,0.94,0.64,0.65
2935,tsne,bert,0.94,0.62,0.62
2936,tsne,bert,0.94,0.63,0.66
2937,tsne,bert,0.94,0.63,0.66
2938,tsne,bert,0.94,0.64,0.64
2939,tsne,bert,0.94,0.63,0.66
2940,tsne,bert,0.94,0.62,0.64
2941,tsne,bert,0.94,0.63,0.63
2942,tsne,bert,0.94,0.63,0.61
2943,tsne,bert,0.94,0.63,0.66
2944,tsne,bert,0.94,0.63,0.64
2945,tsne,bert,0.94,0.63,0.66
2946,tsne,bert,0.94,0.63,0.65
2947,tsne,bert,0.94,0.65,0.66
2948,tsne,bert,0.94,0.64,0.66
2949,tsne,bert,0.94,0.64,0.64
2950,tsne,bert,0.94,0.62,0.64
2951,tsne,bert,0.94,0.62,0.63
2952,tsne,bert,0.94,0.63,0.63
2953,tsne,bert,0.94,0.63,0.63
2954,tsne,bert,0.94,0.63,0.63
2955,tsne,bert,0.94,0.62,0.64
2956,tsne,bert,0.94,0.63,0.65
2957,tsne,bert,0.94,0.62,0.63
2958,tsne,bert,0.94,0.63,0.62
2959,tsne,bert,0.94,0.63,0.61
2960,tsne,bert,0.94,0.63,0.66
2961,tsne,bert,0.94,0.62,0.63
2962,tsne,bert,0.94,0.63,0.66
2963,tsne,bert,0.94,0.63,0.65
2964,tsne,bert,0.94,0.63,0.61
2965,tsne,bert,0.94,0.63,0.62
2966,tsne,bert,0.94,0.63,0.66
2967,tsne,bert,0.94,0.63,0.65
2968,tsne,bert,0.94,0.64,0.65
2969,tsne,bert,0.94,0.64,0.65
2970,tsne,bert,0.94,0.63,0.66
2971,tsne,bert,0.94,0.62,0.63
2972,tsne,bert,0.94,0.64,0.66
2973,tsne,bert,0.94,0.61,0.62
2974,tsne,bert,0.94,0.62,0.64
2975,tsne,bert,0.94,0.63,0.61
2976,tsne,bert,0.94,0.62,0.61
2977,tsne,bert,0.94,0.63,0.66
2978,tsne,bert,0.94,0.63,0.64
2979,tsne,bert,0.94,0.63,0.62
2980,tsne,bert,0.94,0.63,0.64
2981,tsne,bert,0.94,0.63,0.64
2982,tsne,bert,0.94,0.62,0.64
2983,tsne,bert,0.94,0.63,0.64
2984,tsne,bert,0.94,0.63,0.66
2985,tsne,bert,0.94,0.64,0.63
2986,tsne,bert,0.94,0.62,0.64
2987,tsne,bert,0.94,0.64,0.64
2988,tsne,bert,0.94,0.63,0.66
2989,tsne,bert,0.94,0.62,0.64
2990,tsne,bert,0.94,0.64,0.65
2991,tsne,bert,0.94,0.63,0.64
2992,tsne,bert,0.94,0.63,0.63
2993,tsne,bert,0.94,0.63,0.66
2994,tsne,bert,0.94,0.64,0.65
2995,tsne,bert,0.94,0.64,0.65
2996,tsne,bert,0.94,0.63,0.66
2997,tsne,bert,0.94,0.63,0.64
2998,tsne,bert,0.94,0.63,0.65
2999,tsne,bert,0.94,0.64,0.66
3000,tsne,bert,0.94,0.63,0.64
3001,tsne,bert,0.94,0.63,0.62
3002,tsne,bert,0.94,0.63,0.63
3003,tsne,bert,0.94,0.65,0.62
3004,tsne,bert,0.94,0.63,0.62
3005,tsne,bert,0.94,0.64,0.66
3006,tsne,bert,0.94,0.62,0.63
3007,tsne,bert,0.94,0.63,0.61
3008,tsne,bert,0.94,0.65,0.62
3009,tsne,bert,0.94,0.62,0.63
3010,tsne,bert,0.94,0.62,0.66
3011,tsne,bert,0.94,0.62,0.65
3012,tsne,bert,0.94,0.64,0.65
3013,tsne,bert,0.94,0.63,0.66
3014,tsne,bert,0.94,0.62,0.64
3015,tsne,bert,0.94,0.62,0.64
3016,tsne,bert,0.94,0.64,0.65
3017,tsne,bert,0.94,0.62,0.62
3018,tsne,bert,0.94,0.63,0.63
3019,tsne,bert,0.94,0.64,0.64
3020,tsne,bert,0.94,0.63,0.64
3021,tsne,bert,0.94,0.64,0.64
3022,tsne,bert,0.94,0.61,0.62
3023,tsne,bert,0.94,0.64,0.63
3024,tsne,bert,0.94,0.64,0.65
3025,tsne,bert,0.94,0.62,0.63
3026,tsne,bert,0.94,0.63,0.64
3027,tsne,bert,0.94,0.63,0.65
3028,tsne,bert,0.94,0.62,0.63
3029,tsne,bert,0.94,0.61,0.62
3030,tsne,bert,0.94,0.64,0.64
3031,tsne,bert,0.94,0.63,0.66
3032,tsne,bert,0.94,0.64,0.62
3033,tsne,bert,0.94,0.61,0.62
3034,tsne,bert,0.94,0.63,0.65
3035,tsne,bert,0.94,0.64,0.63
3036,tsne,bert,0.94,0.63,0.62
3037,tsne,bert,0.94,0.62,0.63
3038,tsne,bert,0.94,0.63,0.64
3039,tsne,bert,0.94,0.63,0.63
3040,tsne,bert,0.94,0.63,0.64
3041,tsne,bert,0.94,0.62,0.64
3042,tsne,bert,0.94,0.63,0.66
3043,tsne,bert,0.94,0.63,0.64
3044,tsne,bert,0.94,0.64,0.65
3045,tsne,bert,0.94,0.62,0.63
3046,tsne,bert,0.94,0.63,0.61
3047,tsne,bert,0.94,0.64,0.65
3048,tsne,bert,0.94,0.61,0.62
3049,tsne,bert,0.94,0.63,0.62
3050,tsne,bert,0.94,0.64,0.64
3051,tsne,bert,0.94,0.63,0.65
3052,tsne,bert,0.94,0.64,0.65
3053,tsne,bert,0.94,0.63,0.64
3054,tsne,bert,0.94,0.63,0.64
3055,tsne,bert,0.94,0.64,0.63
3056,tsne,bert,0.94,0.63,0.62
3057,tsne,bert,0.94,0.63,0.62
3058,tsne,bert,0.94,0.63,0.63
3137,tsne,bert,0.95,0.68,0.67
3138,tsne,bert,0.95,0.67,0.66
3139,tsne,bert,0.95,0.67,0.65
3140,tsne,bert,0.95,0.68,0.66
3141,tsne,bert,0.94,0.68,0.66
3142,tsne,bert,0.95,0.68,0.66
3143,tsne,bert,0.95,0.68,0.67
3144,tsne,bert,0.95,0.67,0.66
3145,tsne,bert,0.95,0.68,0.66
3146,tsne,bert,0.95,0.68,0.67
3147,tsne,bert,0.95,0.69,0.67
3148,tsne,bert,0.95,0.68,0.65
3149,tsne,bert,0.94,0.67,0.62
3150,tsne,bert,0.95,0.68,0.67
3151,tsne,bert,0.95,0.68,0.66
3152,tsne,bert,0.94,0.67,0.63
3153,tsne,bert,0.95,0.68,0.66
3154,tsne,bert,0.95,0.68,0.67
3155,tsne,bert,0.95,0.68,0.67
3156,tsne,bert,0.95,0.68,0.66
3157,tsne,bert,0.94,0.67,0.63
3158,tsne,bert,0.95,0.68,0.67
3159,tsne,bert,0.95,0.68,0.66
3160,tsne,bert,0.95,0.67,0.66
3161,tsne,bert,0.95,0.68,0.67
3162,tsne,bert,0.95,0.68,0.67
3163,tsne,bert,0.95,0.68,0.65
3164,tsne,bert,0.95,0.68,0.66
3165,tsne,bert,0.95,0.68,0.66
3166,tsne,bert,0.95,0.68,0.67
3167,tsne,bert,0.95,0.68,0.67
3168,tsne,bert,0.94,0.67,0.63
3169,tsne,bert,0.95,0.67,0.66
3170,tsne,bert,0.94,0.66,0.65
3171,tsne,bert,0.95,0.68,0.67
3172,tsne,bert,0.95,0.68,0.67
3173,tsne,bert,0.95,0.68,0.67
3174,tsne,bert,0.94,0.67,0.66
3175,tsne,bert,0.95,0.67,0.64
3176,tsne,bert,0.95,0.68,0.67
3177,tsne,bert,0.95,0.68,0.66
3178,tsne,bert,0.94,0.66,0.65
3179,tsne,bert,0.95,0.68,0.67
3180,tsne,bert,0.95,0.68,0.66
3181,tsne,bert,0.95,0.68,0.66
3182,tsne,bert,0.95,0.68,0.67
3183,tsne,bert,0.95,0.68,0.67
3184,tsne,bert,0.95,0.68,0.67
3185,tsne,bert,0.95,0.68,0.67
3186,tsne,bert,0.95,0.67,0.66
3187,tsne,bert,0.95,0.67,0.65
3188,tsne,bert,0.94,0.67,0.63
3189,tsne,bert,0.95,0.67,0.66
3190,tsne,bert,0.95,0.68,0.66
3191,tsne,bert,0.94,0.67,0.63
3192,tsne,bert,0.94,0.67,0.63
3193,tsne,bert,0.95,0.68,0.66
3194,tsne,bert,0.95,0.68,0.66
3195,tsne,bert,0.94,0.67,0.67
3196,tsne,bert,0.95,0.68,0.68
3197,tsne,bert,0.95,0.68,0.68
3198,tsne,bert,0.95,0.68,0.67
3199,tsne,bert,0.95,0.67,0.66
3200,tsne,bert,0.95,0.69,0.67
3201,tsne,bert,0.95,0.68,0.67
3202,tsne,bert,0.95,0.67,0.68
3203,tsne,bert,0.95,0.68,0.67
3204,tsne,bert,0.95,0.68,0.67
3205,tsne,bert,0.95,0.68,0.66
3206,tsne,bert,0.94,0.67,0.62
3207,tsne,bert,0.95,0.68,0.67
3208,tsne,bert,0.95,0.68,0.66
3209,tsne,bert,0.95,0.68,0.68
3210,tsne,bert,0.95,0.67,0.66
3211,tsne,bert,0.94,0.67,0.63
3212,tsne,bert,0.95,0.68,0.66
3213,tsne,bert,0.95,0.68,0.66
3214,tsne,bert,0.95,0.68,0.66
3215,tsne,bert,0.94,0.67,0.63
3216,tsne,bert,0.95,0.68,0.67
3217,tsne,bert,0.94,0.67,0.62
3218,tsne,bert,0.95,0.68,0.66
3219,tsne,bert,0.95,0.68,0.65
3220,tsne,bert,0.95,0.69,0.67
3221,tsne,bert,0.95,0.69,0.65
3222,tsne,bert,0.95,0.68,0.67
3223,tsne,bert,0.95,0.68,0.66
3224,tsne,bert,0.95,0.68,0.66
3225,tsne,bert,0.95,0.68,0.67
3226,tsne,bert,0.94,0.67,0.63
3227,tsne,bert,0.94,0.67,0.62
3228,tsne,bert,0.95,0.68,0.67
3229,tsne,bert,0.95,0.68,0.67
3230,tsne,bert,0.94,0.66,0.65
3231,tsne,bert,0.95,0.68,0.65
3232,tsne,bert,0.95,0.68,0.67
3233,tsne,bert,0.95,0.68,0.66
3234,tsne,bert,0.94,0.67,0.62
3235,tsne,bert,0.94,0.67,0.63
3236,tsne,bert,0.95,0.68,0.66
3237,tsne,bert,0.95,0.68,0.67
3238,tsne,bert,0.95,0.67,0.66
3239,tsne,bert,0.94,0.67,0.63
3240,tsne,bert,0.95,0.68,0.66
3241,tsne,bert,0.95,0.68,0.66
3242,tsne,bert,0.95,0.68,0.67
3243,tsne,bert,0.95,0.68,0.66
3244,tsne,bert,0.95,0.68,0.66
3245,tsne,bert,0.95,0.69,0.65
3246,tsne,bert,0.94,0.66,0.65
3247,tsne,bert,0.95,0.68,0.67
3248,tsne,bert,0.94,0.67,0.63
3249,tsne,bert,0.95,0.68,0.66
3250,tsne,bert,0.95,0.68,0.67
3251,tsne,bert,0.95,0.68,0.67
3252,tsne,bert,0.95,0.68,0.68
3253,tsne,bert,0.95,0.67,0.66
3254,tsne,bert,0.95,0.68,0.66
3255,tsne,bert,0.95,0.68,0.67
3256,tsne,bert,0.95,0.67,0.65
3257,tsne,bert,0.95,0.67,0.66
3258,tsne,bert,0.94,0.67,0.63
3259,tsne,bert,0.94,0.67,0.62
3260,tsne,bert,0.95,0.68,0.66
3261,tsne,bert,0.95,0.67,0.66
3262,tsne,bert,0.95,0.68,0.67
3263,tsne,bert,0.95,0.67,0.66
3264,tsne,bert,0.95,0.68,0.67
3265,tsne,bert,0.95,0.68,0.66
3266,tsne,bert,0.95,0.68,0.66
3267,tsne,bert,0.95,0.68,0.66
3268,tsne,bert,0.95,0.69,0.67
3269,tsne,bert,0.95,0.68,0.66
3270,tsne,bert,0.95,0.68,0.66
3271,tsne,bert,0.95,0.68,0.66
3272,tsne,bert,0.95,0.68,0.66
3273,tsne,bert,0.95,0.68,0.67
3274,tsne,bert,0.95,0.68,0.67
3275,tsne,bert,0.95,0.68,0.67
3276,tsne,bert,0.95,0.68,0.66
3277,tsne,bert,0.95,0.69,0.67
3278,tsne,bert,0.95,0.67,0.65
3279,tsne,bert,0.94,0.67,0.63
3280,tsne,bert,0.95,0.68,0.66
6068,tsne,bert,0.97,0.7,0.6
6069,tsne,bert,0.97,0.69,0.6
6070,tsne,bert,0.96,0.7,0.6
6071,tsne,bert,0.96,0.71,0.59
6072,tsne,bert,0.96,0.7,0.6
6073,tsne,bert,0.96,0.71,0.59
6074,tsne,bert,0.96,0.71,0.59
6075,tsne,bert,0.96,0.71,0.59
6076,tsne,bert,0.96,0.71,0.59
6077,tsne,bert,0.97,0.7,0.6
6078,tsne,bert,0.97,0.7,0.6
6079,tsne,bert,0.96,0.71,0.59
6080,tsne,bert,0.96,0.71,0.59
6081,tsne,bert,0.96,0.71,0.59
6082,tsne,bert,0.96,0.71,0.59
6083,tsne,bert,0.96,0.71,0.59
6084,tsne,bert,0.97,0.7,0.59
6085,tsne,bert,0.96,0.71,0.59
6086,tsne,bert,0.96,0.71,0.59
6087,tsne,bert,0.96,0.71,0.59
6088,tsne,bert,0.96,0.63,0.59
6089,tsne,bert,0.96,0.64,0.6
6090,tsne,bert,0.96,0.71,0.59
6091,tsne,bert,0.96,0.71,0.59
6092,tsne,bert,0.96,0.71,0.59
6093,tsne,bert,0.96,0.71,0.59
6094,tsne,bert,0.96,0.7,0.59
6095,tsne,bert,0.96,0.71,0.59
6096,tsne,bert,0.96,0.71,0.59
6097,tsne,bert,0.96,0.64,0.6
6098,tsne,bert,0.96,0.71,0.59
6099,tsne,bert,0.97,0.69,0.6
6100,tsne,bert,0.96,0.71,0.59
6101,tsne,bert,0.97,0.7,0.6
6102,tsne,bert,0.97,0.7,0.6
6103,tsne,bert,0.96,0.7,0.6
6104,tsne,bert,0.97,0.69,0.6
6105,tsne,bert,0.96,0.67,0.6
6106,tsne,bert,0.97,0.69,0.6
6107,tsne,bert,0.96,0.65,0.59
6108,tsne,bert,0.97,0.69,0.6
6109,tsne,bert,0.96,0.71,0.59
6110,tsne,bert,0.96,0.7,0.59
6111,tsne,bert,0.96,0.65,0.6
6112,tsne,bert,0.96,0.71,0.59
6113,tsne,bert,0.97,0.7,0.6
6114,tsne,bert,0.96,0.64,0.6
6115,tsne,bert,0.96,0.66,0.6
6116,tsne,bert,0.96,0.71,0.6
6117,tsne,bert,0.96,0.71,0.59
6118,tsne,bert,0.97,0.7,0.6
6119,tsne,bert,0.96,0.71,0.6
6120,tsne,bert,0.96,0.64,0.6
6121,tsne,bert,0.96,0.71,0.59
6122,tsne,bert,0.97,0.69,0.6
6123,tsne,bert,0.96,0.65,0.6
6124,tsne,bert,0.96,0.71,0.59
6125,tsne,bert,0.96,0.71,0.59
6126,tsne,bert,0.96,0.71,0.59
6127,tsne,bert,0.97,0.7,0.6
6128,tsne,bert,0.96,0.7,0.6
6129,tsne,bert,0.97,0.69,0.6
6130,tsne,bert,0.96,0.63,0.6
6131,tsne,bert,0.96,0.71,0.6
6132,tsne,bert,0.97,0.7,0.6
6133,tsne,bert,0.96,0.71,0.59
6134,tsne,bert,0.96,0.67,0.6
6135,tsne,bert,0.96,0.7,0.59
6136,tsne,bert,0.96,0.71,0.59
6137,tsne,bert,0.96,0.71,0.59
6138,tsne,bert,0.96,0.71,0.59
6139,tsne,bert,0.96,0.71,0.6
6140,tsne,bert,0.97,0.7,0.59
6141,tsne,bert,0.97,0.7,0.6
6142,tsne,bert,0.96,0.7,0.59
6143,tsne,bert,0.96,0.71,0.59
6144,tsne,bert,0.97,0.7,0.6
6145,tsne,bert,0.97,0.7,0.6
6146,tsne,bert,0.96,0.71,0.59
6147,tsne,bert,0.97,0.69,0.6
6148,tsne,bert,0.96,0.71,0.59
6149,tsne,bert,0.96,0.71,0.59
6150,tsne,bert,0.97,0.7,0.6
6151,tsne,bert,0.96,0.7,0.59
6152,tsne,bert,0.96,0.61,0.59
6153,tsne,bert,0.96,0.62,0.6
6154,tsne,bert,0.96,0.7,0.59
6155,tsne,bert,0.96,0.71,0.59
6156,tsne,bert,0.97,0.69,0.6
6157,tsne,bert,0.96,0.71,0.59
6158,tsne,bert,0.97,0.7,0.6
6159,tsne,bert,0.96,0.64,0.59
6160,tsne,bert,0.96,0.7,0.6
6161,tsne,bert,0.96,0.71,0.59
6162,tsne,bert,0.96,0.71,0.59
6163,tsne,bert,0.97,0.7,0.6
6164,tsne,bert,0.96,0.7,0.59
6165,tsne,bert,0.97,0.69,0.6
6166,tsne,bert,0.96,0.66,0.6
6167,tsne,bert,0.96,0.71,0.59
6168,tsne,bert,0.96,0.71,0.59
6169,tsne,bert,0.97,0.69,0.6
6170,tsne,bert,0.96,0.7,0.59
6171,tsne,bert,0.97,0.69,0.6
6172,tsne,bert,0.96,0.71,0.59
6173,tsne,bert,0.96,0.63,0.59
6174,tsne,bert,0.96,0.71,0.59
6175,tsne,bert,0.96,0.7,0.59
6176,tsne,bert,0.97,0.69,0.6
6177,tsne,bert,0.96,0.7,0.59
6178,tsne,bert,0.96,0.71,0.59
6179,tsne,bert,0.96,0.64,0.6
6180,tsne,bert,0.97,0.7,0.59
6181,tsne,bert,0.96,0.65,0.6
6182,tsne,bert,0.96,0.63,0.59
6183,tsne,bert,0.97,0.7,0.6
6184,tsne,bert,0.96,0.71,0.59
6185,tsne,bert,0.96,0.71,0.59
6186,tsne,bert,0.96,0.71,0.59
6187,tsne,bert,0.96,0.71,0.59
6188,tsne,bert,0.96,0.64,0.59
6189,tsne,bert,0.96,0.7,0.59
6190,tsne,bert,0.97,0.7,0.6
6191,tsne,bert,0.97,0.69,0.6
6192,tsne,bert,0.96,0.71,0.59
6193,tsne,bert,0.96,0.71,0.59
6194,tsne,bert,0.96,0.71,0.59
6195,tsne,bert,0.96,0.71,0.59
6196,tsne,bert,0.97,0.69,0.6
6197,tsne,bert,0.96,0.66,0.59
6198,tsne,bert,0.96,0.71,0.59
6199,tsne,bert,0.97,0.7,0.6
6200,tsne,bert,0.97,0.69,0.6
6201,tsne,bert,0.97,0.69,0.6
6202,tsne,bert,0.96,0.71,0.59
6203,tsne,bert,0.96,0.7,0.6
6204,tsne,bert,0.96,0.6,0.59
6205,tsne,bert,0.96,0.7,0.59
6206,tsne,bert,0.96,0.63,0.59
6207,tsne,bert,0.96,0.7,0.6
6208,tsne,bert,0.97,0.7,0.6
6209,tsne,bert,0.97,0.7,0.6
6210,tsne,bert,0.96,0.71,0.59
6211,tsne,bert,0.97,0.7,0.6
6295,tsne,bert,0.97,0.74,0.59
6296,tsne,bert,0.97,0.71,0.59
6297,tsne,bert,0.97,0.71,0.59
6298,tsne,bert,0.97,0.74,0.59
6299,tsne,bert,0.97,0.7,0.6
6300,tsne,bert,0.97,0.75,0.59
6301,tsne,bert,0.97,0.74,0.6
6302,tsne,bert,0.97,0.73,0.6
6303,tsne,bert,0.97,0.75,0.6
6304,tsne,bert,0.97,0.75,0.59
6305,tsne,bert,0.97,0.68,0.58
6306,tsne,bert,0.97,0.75,0.59
6307,tsne,bert,0.97,0.74,0.6
6308,tsne,bert,0.97,0.74,0.6
6309,tsne,bert,0.97,0.72,0.56
6310,tsne,bert,0.97,0.74,0.59
6311,tsne,bert,0.97,0.68,0.6
6312,tsne,bert,0.97,0.75,0.59
6313,tsne,bert,0.97,0.74,0.59
6314,tsne,bert,0.97,0.73,0.6
6315,tsne,bert,0.97,0.75,0.59
6316,tsne,bert,0.97,0.75,0.59
6317,tsne,bert,0.97,0.74,0.6
6318,tsne,bert,0.97,0.75,0.6
6319,tsne,bert,0.97,0.68,0.59
6320,tsne,bert,0.97,0.69,0.6
6321,tsne,bert,0.97,0.75,0.59
6322,tsne,bert,0.97,0.68,0.59
6323,tsne,bert,0.97,0.74,0.6
6324,tsne,bert,0.96,0.69,0.58
6325,tsne,bert,0.97,0.75,0.59
6326,tsne,bert,0.97,0.75,0.59
6327,tsne,bert,0.97,0.74,0.6
6328,tsne,bert,0.96,0.69,0.59
6329,tsne,bert,0.97,0.68,0.59
6330,tsne,bert,0.97,0.74,0.6
6331,tsne,bert,0.97,0.75,0.59
6332,tsne,bert,0.97,0.75,0.59
6333,tsne,bert,0.97,0.67,0.6
6334,tsne,bert,0.97,0.75,0.59
6335,tsne,bert,0.97,0.74,0.6
6336,tsne,bert,0.97,0.73,0.6
6337,tsne,bert,0.97,0.75,0.59
6338,tsne,bert,0.97,0.75,0.59
6339,tsne,bert,0.97,0.74,0.6
6340,tsne,bert,0.97,0.75,0.59
6341,tsne,bert,0.97,0.74,0.6
6342,tsne,bert,0.97,0.73,0.6
6343,tsne,bert,0.97,0.72,0.56
6344,tsne,bert,0.96,0.7,0.6
6345,tsne,bert,0.97,0.75,0.59
6346,tsne,bert,0.97,0.75,0.6
6347,tsne,bert,0.97,0.74,0.59
6348,tsne,bert,0.97,0.74,0.6
6349,tsne,bert,0.97,0.74,0.6
6350,tsne,bert,0.97,0.74,0.6
6351,tsne,bert,0.97,0.74,0.6
6352,tsne,bert,0.97,0.74,0.59
6353,tsne,bert,0.97,0.75,0.59
6354,tsne,bert,0.97,0.74,0.6
6355,tsne,bert,0.97,0.73,0.6
6356,tsne,bert,0.97,0.75,0.59
6357,tsne,bert,0.97,0.7,0.59
6358,tsne,bert,0.97,0.74,0.6
6359,tsne,bert,0.97,0.73,0.59
6360,tsne,bert,0.97,0.75,0.59
6361,tsne,bert,0.97,0.75,0.59
6362,tsne,bert,0.97,0.75,0.59
6363,tsne,bert,0.97,0.75,0.59
6364,tsne,bert,0.97,0.75,0.59
6365,tsne,bert,0.97,0.74,0.59
6366,tsne,bert,0.97,0.75,0.59
6367,tsne,bert,0.97,0.74,0.6
6368,tsne,bert,0.97,0.74,0.6
6369,tsne,bert,0.97,0.75,0.59
6370,tsne,bert,0.97,0.7,0.59
6371,tsne,bert,0.97,0.75,0.6
6372,tsne,bert,0.97,0.74,0.6
6373,tsne,bert,0.97,0.75,0.59
6374,tsne,bert,0.97,0.75,0.59
6375,tsne,bert,0.97,0.74,0.6
6376,tsne,bert,0.97,0.74,0.59
6377,tsne,bert,0.96,0.69,0.59
6378,tsne,bert,0.97,0.74,0.59
6379,tsne,bert,0.97,0.75,0.59
6380,tsne,bert,0.97,0.74,0.6
6381,tsne,bert,0.97,0.74,0.6
6382,tsne,bert,0.97,0.74,0.59
6383,tsne,bert,0.97,0.74,0.6
6384,tsne,bert,0.97,0.75,0.6
6385,tsne,bert,0.97,0.74,0.59
6386,tsne,bert,0.97,0.74,0.6
6387,tsne,bert,0.97,0.75,0.6
6388,tsne,bert,0.96,0.7,0.58
6389,tsne,bert,0.97,0.69,0.6
6390,tsne,bert,0.97,0.73,0.59
6391,tsne,bert,0.97,0.75,0.59
6392,tsne,bert,0.97,0.75,0.6
6393,tsne,bert,0.97,0.74,0.6
6394,tsne,bert,0.97,0.75,0.6
6395,tsne,bert,0.97,0.74,0.59
6396,tsne,bert,0.97,0.75,0.59
6397,tsne,bert,0.97,0.74,0.59
6398,tsne,bert,0.97,0.75,0.59
6399,tsne,bert,0.97,0.75,0.59
6400,tsne,bert,0.97,0.74,0.6
6401,tsne,bert,0.97,0.75,0.6
6402,tsne,bert,0.97,0.72,0.56
6403,tsne,bert,0.97,0.75,0.6
6404,tsne,bert,0.97,0.75,0.6
6405,tsne,bert,0.97,0.73,0.6
6406,tsne,bert,0.97,0.74,0.6
6407,tsne,bert,0.97,0.74,0.6
6408,tsne,bert,0.97,0.74,0.6
6409,tsne,bert,0.97,0.74,0.6
6410,tsne,bert,0.97,0.75,0.59
6411,tsne,bert,0.97,0.75,0.6
6412,tsne,bert,0.97,0.74,0.6
6413,tsne,bert,0.97,0.75,0.6
6414,tsne,bert,0.97,0.74,0.59
6415,tsne,bert,0.97,0.74,0.59
6416,tsne,bert,0.97,0.74,0.6
6417,tsne,bert,0.96,0.66,0.59
6418,tsne,bert,0.97,0.75,0.59
6419,tsne,bert,0.97,0.74,0.6
6420,tsne,bert,0.97,0.68,0.59
6421,tsne,bert,0.97,0.75,0.59
6422,tsne,bert,0.97,0.74,0.59
6423,tsne,bert,0.97,0.75,0.59
6424,tsne,bert,0.97,0.69,0.58
6425,tsne,bert,0.97,0.67,0.58
6426,tsne,bert,0.97,0.75,0.6
6427,tsne,bert,0.97,0.67,0.6
6428,tsne,bert,0.97,0.75,0.59
6429,tsne,bert,0.97,0.75,0.59
6430,tsne,bert,0.97,0.74,0.6
6431,tsne,bert,0.97,0.74,0.59
6432,tsne,bert,0.97,0.68,0.6
6433,tsne,bert,0.97,0.74,0.59
6434,tsne,bert,0.97,0.74,0.6
6435,tsne,bert,0.97,0.73,0.59
6436,tsne,bert,0.97,0.75,0.6
6437,tsne,bert,0.97,0.74,0.6
6438,tsne,bert,0.97,0.75,0.59
6522,tsne,bert,0.97,0.73,0.6
6523,tsne,bert,0.97,0.72,0.6
6524,tsne,bert,0.96,0.66,0.51
6525,tsne,bert,0.97,0.72,0.6
6526,tsne,bert,0.97,0.71,0.59
6527,tsne,bert,0.97,0.72,0.6
6528,tsne,bert,0.97,0.72,0.6
6529,tsne,bert,0.97,0.73,0.6
6530,tsne,bert,0.96,0.65,0.55
6531,tsne,bert,0.97,0.72,0.6
6532,tsne,bert,0.97,0.72,0.6
6533,tsne,bert,0.97,0.73,0.6
6534,tsne,bert,0.97,0.73,0.6
6535,tsne,bert,0.97,0.72,0.6
6536,tsne,bert,0.97,0.71,0.6
6537,tsne,bert,0.97,0.72,0.59
6538,tsne,bert,0.97,0.72,0.6
6539,tsne,bert,0.97,0.71,0.6
6540,tsne,bert,0.97,0.73,0.6
6541,tsne,bert,0.96,0.62,0.58
6542,tsne,bert,0.96,0.65,0.55
6543,tsne,bert,0.97,0.72,0.59
6544,tsne,bert,0.97,0.73,0.6
6545,tsne,bert,0.97,0.72,0.6
6546,tsne,bert,0.97,0.73,0.6
6547,tsne,bert,0.97,0.72,0.6
6548,tsne,bert,0.97,0.71,0.6
6549,tsne,bert,0.97,0.72,0.6
6550,tsne,bert,0.97,0.72,0.6
6551,tsne,bert,0.97,0.71,0.6
6552,tsne,bert,0.97,0.73,0.6
6553,tsne,bert,0.97,0.72,0.6
6554,tsne,bert,0.97,0.72,0.6
6555,tsne,bert,0.97,0.71,0.6
6556,tsne,bert,0.97,0.72,0.6
6557,tsne,bert,0.97,0.72,0.6
6558,tsne,bert,0.97,0.7,0.58
6559,tsne,bert,0.97,0.68,0.6
6560,tsne,bert,0.97,0.72,0.6
6561,tsne,bert,0.97,0.72,0.6
6562,tsne,bert,0.97,0.72,0.6
6563,tsne,bert,0.97,0.72,0.6
6564,tsne,bert,0.97,0.71,0.6
6565,tsne,bert,0.97,0.73,0.6
6566,tsne,bert,0.97,0.73,0.6
6567,tsne,bert,0.97,0.73,0.6
6568,tsne,bert,0.96,0.62,0.58
6569,tsne,bert,0.97,0.71,0.6
6570,tsne,bert,0.97,0.71,0.6
6571,tsne,bert,0.97,0.72,0.6
6572,tsne,bert,0.97,0.73,0.6
6573,tsne,bert,0.97,0.72,0.6
6574,tsne,bert,0.97,0.72,0.6
6575,tsne,bert,0.97,0.72,0.6
6576,tsne,bert,0.97,0.73,0.6
6577,tsne,bert,0.97,0.71,0.6
6578,tsne,bert,0.97,0.72,0.6
6579,tsne,bert,0.97,0.72,0.6
6580,tsne,bert,0.96,0.65,0.51
6581,tsne,bert,0.97,0.73,0.6
6582,tsne,bert,0.97,0.73,0.6
6583,tsne,bert,0.97,0.66,0.6
6584,tsne,bert,0.97,0.73,0.6
6585,tsne,bert,0.97,0.72,0.59
6586,tsne,bert,0.97,0.71,0.6
6587,tsne,bert,0.96,0.65,0.56
6588,tsne,bert,0.97,0.72,0.6
6589,tsne,bert,0.97,0.71,0.6
6590,tsne,bert,0.97,0.73,0.6
6591,tsne,bert,0.97,0.71,0.6
6592,tsne,bert,0.97,0.73,0.6
6593,tsne,bert,0.97,0.73,0.6
6594,tsne,bert,0.97,0.72,0.6
6595,tsne,bert,0.97,0.72,0.6
6596,tsne,bert,0.97,0.71,0.6
6597,tsne,bert,0.97,0.73,0.6
6598,tsne,bert,0.97,0.73,0.6
6599,tsne,bert,0.97,0.72,0.6
6600,tsne,bert,0.97,0.72,0.6
6601,tsne,bert,0.96,0.67,0.54
6602,tsne,bert,0.96,0.64,0.52
6603,tsne,bert,0.96,0.64,0.58
6604,tsne,bert,0.97,0.73,0.6
6605,tsne,bert,0.97,0.72,0.6
6606,tsne,bert,0.97,0.73,0.6
6607,tsne,bert,0.97,0.73,0.6
6608,tsne,bert,0.97,0.73,0.6
6609,tsne,bert,0.97,0.71,0.59
6610,tsne,bert,0.97,0.73,0.6
6611,tsne,bert,0.96,0.62,0.6
6612,tsne,bert,0.97,0.73,0.59
6613,tsne,bert,0.96,0.64,0.6
6614,tsne,bert,0.97,0.72,0.6
6615,tsne,bert,0.97,0.72,0.6
6616,tsne,bert,0.96,0.64,0.56
6617,tsne,bert,0.97,0.71,0.6
6618,tsne,bert,0.97,0.73,0.6
6619,tsne,bert,0.97,0.72,0.6
6620,tsne,bert,0.97,0.72,0.6
6621,tsne,bert,0.96,0.66,0.55
6622,tsne,bert,0.97,0.72,0.6
6623,tsne,bert,0.97,0.73,0.6
6624,tsne,bert,0.96,0.64,0.59
6625,tsne,bert,0.97,0.72,0.59
6626,tsne,bert,0.96,0.64,0.6
6627,tsne,bert,0.96,0.66,0.56
6628,tsne,bert,0.97,0.71,0.6
6629,tsne,bert,0.97,0.72,0.6
6630,tsne,bert,0.97,0.72,0.6
6631,tsne,bert,0.97,0.72,0.6
6632,tsne,bert,0.96,0.68,0.6
6633,tsne,bert,0.97,0.67,0.6
6634,tsne,bert,0.97,0.71,0.59
6635,tsne,bert,0.97,0.73,0.6
6636,tsne,bert,0.97,0.71,0.6
6637,tsne,bert,0.97,0.72,0.6
6638,tsne,bert,0.96,0.64,0.52
6639,tsne,bert,0.97,0.72,0.6
6640,tsne,bert,0.97,0.72,0.6
6641,tsne,bert,0.97,0.72,0.6
6642,tsne,bert,0.97,0.73,0.6
6643,tsne,bert,0.97,0.72,0.6
6644,tsne,bert,0.97,0.73,0.6
6645,tsne,bert,0.97,0.73,0.6
6646,tsne,bert,0.97,0.71,0.6
6647,tsne,bert,0.97,0.72,0.6
6648,tsne,bert,0.97,0.72,0.6
6649,tsne,bert,0.97,0.72,0.6
6650,tsne,bert,0.97,0.72,0.6
6651,tsne,bert,0.97,0.71,0.6
6652,tsne,bert,0.97,0.73,0.6
6653,tsne,bert,0.97,0.73,0.6
6654,tsne,bert,0.97,0.72,0.6
6655,tsne,bert,0.97,0.72,0.6
6656,tsne,bert,0.97,0.73,0.6
6657,tsne,bert,0.96,0.65,0.56
6658,tsne,bert,0.97,0.73,0.6
6659,tsne,bert,0.97,0.73,0.6
6660,tsne,bert,0.97,0.73,0.6
6661,tsne,bert,0.96,0.73,0.6
6662,tsne,bert,0.96,0.64,0.58
6663,tsne,bert,0.97,0.72,0.6
6664,tsne,bert,0.97,0.73,0.6
6665,tsne,bert,0.97,0.73,0.6
6749,tsne,bert,0.95,0.65,0.6
6750,tsne,bert,0.95,0.65,0.6
6751,tsne,bert,0.95,0.67,0.6
6752,tsne,bert,0.95,0.66,0.6
6753,tsne,bert,0.95,0.64,0.6
6754,tsne,bert,0.95,0.67,0.59
6755,tsne,bert,0.95,0.67,0.6
6756,tsne,bert,0.95,0.66,0.6
6757,tsne,bert,0.96,0.65,0.6
6758,tsne,bert,0.95,0.65,0.6
6759,tsne,bert,0.95,0.66,0.6
6760,tsne,bert,0.95,0.67,0.6
6761,tsne,bert,0.95,0.66,0.6
6762,tsne,bert,0.95,0.65,0.6
6763,tsne,bert,0.95,0.6,0.58
6764,tsne,bert,0.95,0.66,0.6
6765,tsne,bert,0.95,0.67,0.6
6766,tsne,bert,0.96,0.66,0.6
6767,tsne,bert,0.95,0.66,0.6
6768,tsne,bert,0.95,0.67,0.6
6769,tsne,bert,0.95,0.59,0.56
6770,tsne,bert,0.95,0.66,0.6
6771,tsne,bert,0.95,0.67,0.6
6772,tsne,bert,0.95,0.66,0.6
6773,tsne,bert,0.96,0.66,0.6
6774,tsne,bert,0.95,0.65,0.6
6775,tsne,bert,0.95,0.65,0.6
6776,tsne,bert,0.95,0.66,0.6
6777,tsne,bert,0.95,0.66,0.6
6778,tsne,bert,0.95,0.66,0.6
6779,tsne,bert,0.96,0.66,0.6
6780,tsne,bert,0.96,0.66,0.6
6781,tsne,bert,0.95,0.67,0.6
6782,tsne,bert,0.95,0.65,0.59
6783,tsne,bert,0.95,0.66,0.6
6784,tsne,bert,0.95,0.61,0.59
6785,tsne,bert,0.95,0.61,0.59
6786,tsne,bert,0.95,0.64,0.6
6787,tsne,bert,0.95,0.59,0.59
6788,tsne,bert,0.95,0.64,0.59
6789,tsne,bert,0.95,0.65,0.6
6790,tsne,bert,0.95,0.64,0.6
6791,tsne,bert,0.95,0.66,0.6
6792,tsne,bert,0.95,0.6,0.58
6793,tsne,bert,0.95,0.66,0.6
6794,tsne,bert,0.95,0.65,0.59
6795,tsne,bert,0.95,0.6,0.57
6796,tsne,bert,0.95,0.65,0.6
6797,tsne,bert,0.96,0.66,0.59
6798,tsne,bert,0.95,0.67,0.6
6799,tsne,bert,0.95,0.62,0.58
6800,tsne,bert,0.95,0.66,0.6
6801,tsne,bert,0.95,0.67,0.6
6802,tsne,bert,0.95,0.66,0.6
6803,tsne,bert,0.95,0.65,0.6
6804,tsne,bert,0.95,0.66,0.6
6805,tsne,bert,0.95,0.66,0.6
6806,tsne,bert,0.95,0.6,0.58
6807,tsne,bert,0.95,0.59,0.58
6808,tsne,bert,0.96,0.66,0.6
6809,tsne,bert,0.95,0.6,0.57
6810,tsne,bert,0.95,0.67,0.6
6811,tsne,bert,0.96,0.66,0.6
6812,tsne,bert,0.95,0.66,0.6
6813,tsne,bert,0.95,0.66,0.59
6814,tsne,bert,0.95,0.66,0.6
6815,tsne,bert,0.95,0.66,0.6
6816,tsne,bert,0.95,0.66,0.59
6817,tsne,bert,0.96,0.66,0.6
6818,tsne,bert,0.96,0.66,0.6
6819,tsne,bert,0.95,0.66,0.6
6820,tsne,bert,0.95,0.6,0.59
6821,tsne,bert,0.95,0.65,0.6
6822,tsne,bert,0.95,0.65,0.6
6823,tsne,bert,0.95,0.64,0.6
6824,tsne,bert,0.95,0.67,0.6
6825,tsne,bert,0.95,0.64,0.6
6826,tsne,bert,0.96,0.66,0.6
6827,tsne,bert,0.96,0.66,0.6
6828,tsne,bert,0.95,0.66,0.6
6829,tsne,bert,0.95,0.66,0.6
6830,tsne,bert,0.96,0.66,0.6
6831,tsne,bert,0.95,0.67,0.6
6832,tsne,bert,0.95,0.65,0.6
6833,tsne,bert,0.96,0.66,0.6
6834,tsne,bert,0.95,0.66,0.6
6835,tsne,bert,0.95,0.66,0.6
6836,tsne,bert,0.95,0.64,0.59
6837,tsne,bert,0.95,0.67,0.6
6838,tsne,bert,0.95,0.66,0.6
6839,tsne,bert,0.95,0.65,0.6
6840,tsne,bert,0.95,0.66,0.6
6841,tsne,bert,0.95,0.66,0.6
6842,tsne,bert,0.95,0.64,0.6
6843,tsne,bert,0.95,0.66,0.6
6844,tsne,bert,0.95,0.66,0.6
6845,tsne,bert,0.96,0.66,0.6
6846,tsne,bert,0.95,0.65,0.6
6847,tsne,bert,0.95,0.65,0.6
6848,tsne,bert,0.96,0.66,0.59
6849,tsne,bert,0.94,0.65,0.59
6850,tsne,bert,0.95,0.67,0.6
6851,tsne,bert,0.96,0.66,0.6
6852,tsne,bert,0.95,0.59,0.58
6853,tsne,bert,0.95,0.61,0.59
6854,tsne,bert,0.95,0.66,0.6
6855,tsne,bert,0.95,0.6,0.59
6856,tsne,bert,0.95,0.6,0.58
6857,tsne,bert,0.95,0.64,0.59
6858,tsne,bert,0.95,0.65,0.6
6859,tsne,bert,0.95,0.64,0.6
6860,tsne,bert,0.95,0.59,0.58
6861,tsne,bert,0.95,0.6,0.58
6862,tsne,bert,0.95,0.66,0.6
6863,tsne,bert,0.95,0.62,0.59
6864,tsne,bert,0.95,0.65,0.6
6865,tsne,bert,0.95,0.62,0.59
6866,tsne,bert,0.95,0.6,0.57
6867,tsne,bert,0.95,0.66,0.6
6868,tsne,bert,0.95,0.61,0.59
6869,tsne,bert,0.95,0.66,0.6
6870,tsne,bert,0.95,0.64,0.6
6871,tsne,bert,0.95,0.65,0.6
6872,tsne,bert,0.95,0.65,0.6
6873,tsne,bert,0.96,0.66,0.6
6874,tsne,bert,0.96,0.66,0.59
6875,tsne,bert,0.95,0.66,0.59
6876,tsne,bert,0.95,0.6,0.59
6877,tsne,bert,0.95,0.66,0.6
6878,tsne,bert,0.95,0.67,0.6
6879,tsne,bert,0.96,0.66,0.6
6880,tsne,bert,0.95,0.66,0.6
6881,tsne,bert,0.95,0.59,0.58
6882,tsne,bert,0.95,0.65,0.6
6883,tsne,bert,0.95,0.66,0.6
6884,tsne,bert,0.95,0.59,0.57
6885,tsne,bert,0.95,0.61,0.59
6886,tsne,bert,0.95,0.62,0.59
6887,tsne,bert,0.96,0.66,0.6
6888,tsne,bert,0.95,0.59,0.59
6889,tsne,bert,0.96,0.66,0.6
6890,tsne,bert,0.96,0.66,0.59
6891,tsne,bert,0.95,0.66,0.6
6892,tsne,bert,0.95,0.65,0.6
6976,tsne,bert,0.96,0.69,0.59
6977,tsne,bert,0.95,0.7,0.58
6978,tsne,bert,0.95,0.65,0.59
6979,tsne,bert,0.95,0.69,0.59
6980,tsne,bert,0.96,0.69,0.6
6981,tsne,bert,0.96,0.69,0.59
6982,tsne,bert,0.96,0.7,0.59
6983,tsne,bert,0.96,0.7,0.59
6984,tsne,bert,0.95,0.65,0.6
6985,tsne,bert,0.96,0.69,0.6
6986,tsne,bert,0.96,0.69,0.59
6987,tsne,bert,0.95,0.7,0.58
6988,tsne,bert,0.95,0.64,0.59
6989,tsne,bert,0.96,0.69,0.59
6990,tsne,bert,0.96,0.69,0.59
6991,tsne,bert,0.95,0.69,0.6
6992,tsne,bert,0.96,0.65,0.59
6993,tsne,bert,0.96,0.7,0.59
6994,tsne,bert,0.95,0.68,0.57
6995,tsne,bert,0.95,0.68,0.6
6996,tsne,bert,0.95,0.69,0.59
6997,tsne,bert,0.96,0.69,0.59
6998,tsne,bert,0.95,0.7,0.59
6999,tsne,bert,0.95,0.7,0.59
7000,tsne,bert,0.96,0.7,0.59
7001,tsne,bert,0.96,0.7,0.59
7002,tsne,bert,0.95,0.7,0.59
7003,tsne,bert,0.96,0.64,0.59
7004,tsne,bert,0.95,0.7,0.59
7005,tsne,bert,0.96,0.69,0.6
7006,tsne,bert,0.95,0.7,0.59
7007,tsne,bert,0.96,0.69,0.59
7008,tsne,bert,0.96,0.7,0.59
7009,tsne,bert,0.95,0.62,0.57
7010,tsne,bert,0.95,0.7,0.59
7011,tsne,bert,0.95,0.63,0.57
7012,tsne,bert,0.95,0.68,0.56
7013,tsne,bert,0.95,0.65,0.59
7014,tsne,bert,0.95,0.66,0.59
7015,tsne,bert,0.95,0.64,0.59
7016,tsne,bert,0.95,0.7,0.58
7017,tsne,bert,0.96,0.69,0.59
7018,tsne,bert,0.95,0.69,0.59
7019,tsne,bert,0.95,0.69,0.6
7020,tsne,bert,0.95,0.69,0.6
7021,tsne,bert,0.96,0.69,0.59
7022,tsne,bert,0.95,0.66,0.57
7023,tsne,bert,0.96,0.69,0.59
7024,tsne,bert,0.96,0.64,0.59
7025,tsne,bert,0.96,0.69,0.59
7026,tsne,bert,0.95,0.69,0.6
7027,tsne,bert,0.95,0.69,0.6
7028,tsne,bert,0.95,0.66,0.57
7029,tsne,bert,0.95,0.68,0.56
7030,tsne,bert,0.96,0.69,0.59
7031,tsne,bert,0.96,0.69,0.6
7032,tsne,bert,0.96,0.69,0.6
7033,tsne,bert,0.95,0.68,0.59
7034,tsne,bert,0.95,0.69,0.59
7035,tsne,bert,0.96,0.69,0.59
7036,tsne,bert,0.95,0.71,0.58
7037,tsne,bert,0.95,0.69,0.6
7038,tsne,bert,0.95,0.68,0.59
7039,tsne,bert,0.96,0.69,0.59
7040,tsne,bert,0.95,0.69,0.56
7041,tsne,bert,0.95,0.7,0.59
7042,tsne,bert,0.96,0.7,0.59
7043,tsne,bert,0.96,0.64,0.59
7044,tsne,bert,0.95,0.68,0.6
7045,tsne,bert,0.96,0.69,0.59
7046,tsne,bert,0.96,0.7,0.59
7047,tsne,bert,0.95,0.69,0.6
7048,tsne,bert,0.96,0.69,0.59
7049,tsne,bert,0.95,0.68,0.6
7050,tsne,bert,0.95,0.65,0.59
7051,tsne,bert,0.95,0.7,0.59
7052,tsne,bert,0.95,0.7,0.58
7053,tsne,bert,0.95,0.68,0.55
7054,tsne,bert,0.96,0.69,0.6
7055,tsne,bert,0.95,0.71,0.58
7056,tsne,bert,0.95,0.7,0.58
7057,tsne,bert,0.96,0.69,0.59
7058,tsne,bert,0.95,0.69,0.59
7059,tsne,bert,0.96,0.64,0.59
7060,tsne,bert,0.95,0.65,0.59
7061,tsne,bert,0.95,0.7,0.59
7062,tsne,bert,0.96,0.69,0.6
7063,tsne,bert,0.96,0.69,0.6
7064,tsne,bert,0.96,0.64,0.59
7065,tsne,bert,0.96,0.69,0.59
7066,tsne,bert,0.96,0.69,0.59
7067,tsne,bert,0.95,0.71,0.58
7068,tsne,bert,0.95,0.69,0.59
7069,tsne,bert,0.96,0.64,0.6
7070,tsne,bert,0.95,0.67,0.6
7071,tsne,bert,0.96,0.7,0.59
7072,tsne,bert,0.96,0.63,0.56
7073,tsne,bert,0.95,0.7,0.59
7074,tsne,bert,0.95,0.7,0.59
7075,tsne,bert,0.95,0.7,0.59
7076,tsne,bert,0.96,0.69,0.59
7077,tsne,bert,0.96,0.7,0.59
7078,tsne,bert,0.96,0.69,0.59
7079,tsne,bert,0.95,0.69,0.59
7080,tsne,bert,0.95,0.68,0.58
7081,tsne,bert,0.95,0.63,0.57
7082,tsne,bert,0.96,0.69,0.59
7083,tsne,bert,0.96,0.69,0.6
7084,tsne,bert,0.95,0.69,0.59
7085,tsne,bert,0.95,0.68,0.59
7086,tsne,bert,0.95,0.7,0.59
7087,tsne,bert,0.95,0.69,0.55
7088,tsne,bert,0.95,0.7,0.59
7089,tsne,bert,0.96,0.69,0.59
7090,tsne,bert,0.95,0.68,0.56
7091,tsne,bert,0.96,0.69,0.59
7092,tsne,bert,0.95,0.68,0.58
7093,tsne,bert,0.95,0.69,0.59
7094,tsne,bert,0.96,0.69,0.59
7095,tsne,bert,0.95,0.69,0.6
7096,tsne,bert,0.95,0.69,0.59
7097,tsne,bert,0.96,0.7,0.59
7098,tsne,bert,0.95,0.68,0.59
7099,tsne,bert,0.95,0.7,0.58
7100,tsne,bert,0.95,0.7,0.59
7101,tsne,bert,0.96,0.69,0.59
7102,tsne,bert,0.95,0.69,0.6
7103,tsne,bert,0.96,0.69,0.59
7104,tsne,bert,0.95,0.64,0.59
7105,tsne,bert,0.96,0.7,0.59
7106,tsne,bert,0.96,0.69,0.59
7107,tsne,bert,0.95,0.65,0.59
7108,tsne,bert,0.96,0.69,0.59
7109,tsne,bert,0.95,0.65,0.59
7110,tsne,bert,0.95,0.71,0.58
7111,tsne,bert,0.95,0.7,0.59
7112,tsne,bert,0.96,0.7,0.59
7113,tsne,bert,0.95,0.69,0.6
7114,tsne,bert,0.95,0.65,0.59
7115,tsne,bert,0.95,0.68,0.55
7116,tsne,bert,0.95,0.7,0.59
7117,tsne,bert,0.96,0.69,0.59
7118,tsne,bert,0.95,0.68,0.6
7119,tsne,bert,0.95,0.66,0.59
9685,tsne,bert,0.97,0.74,0.91
9686,tsne,bert,0.98,0.74,0.93
9687,tsne,bert,0.97,0.7,0.89
9688,tsne,bert,0.97,0.72,0.93
9689,tsne,bert,0.97,0.75,0.94
9690,tsne,bert,0.98,0.75,0.94
9691,tsne,bert,0.98,0.75,0.94
9692,tsne,bert,0.98,0.75,0.94
9693,tsne,bert,0.98,0.75,0.94
9694,tsne,bert,0.97,0.74,0.94
9695,tsne,bert,0.97,0.75,0.91
9696,tsne,bert,0.97,0.71,0.91
9697,tsne,bert,0.97,0.75,0.94
9698,tsne,bert,0.97,0.75,0.94
9699,tsne,bert,0.97,0.75,0.94
9700,tsne,bert,0.97,0.75,0.94
9701,tsne,bert,0.97,0.71,0.92
9702,tsne,bert,0.97,0.75,0.94
9703,tsne,bert,0.98,0.75,0.94
9704,tsne,bert,0.97,0.75,0.94
9705,tsne,bert,0.97,0.74,0.9
9706,tsne,bert,0.97,0.75,0.94
9707,tsne,bert,0.98,0.75,0.94
9708,tsne,bert,0.97,0.75,0.94
9709,tsne,bert,0.97,0.74,0.94
9710,tsne,bert,0.97,0.75,0.94
9711,tsne,bert,0.97,0.75,0.94
9712,tsne,bert,0.98,0.74,0.93
9713,tsne,bert,0.98,0.75,0.94
9714,tsne,bert,0.97,0.74,0.91
9715,tsne,bert,0.98,0.75,0.94
9716,tsne,bert,0.98,0.75,0.94
9717,tsne,bert,0.97,0.71,0.91
9718,tsne,bert,0.98,0.74,0.94
9719,tsne,bert,0.98,0.74,0.94
9720,tsne,bert,0.97,0.75,0.94
9721,tsne,bert,0.97,0.75,0.94
9722,tsne,bert,0.97,0.75,0.94
9723,tsne,bert,0.97,0.75,0.94
9724,tsne,bert,0.97,0.75,0.94
9725,tsne,bert,0.98,0.75,0.94
9726,tsne,bert,0.97,0.74,0.91
9727,tsne,bert,0.97,0.75,0.92
9728,tsne,bert,0.97,0.75,0.94
9729,tsne,bert,0.97,0.76,0.93
9730,tsne,bert,0.97,0.74,0.94
9731,tsne,bert,0.98,0.74,0.94
9732,tsne,bert,0.98,0.75,0.94
9733,tsne,bert,0.97,0.74,0.93
9734,tsne,bert,0.97,0.73,0.93
9735,tsne,bert,0.97,0.75,0.94
9736,tsne,bert,0.98,0.75,0.94
9737,tsne,bert,0.97,0.75,0.94
9738,tsne,bert,0.97,0.75,0.94
9739,tsne,bert,0.97,0.75,0.93
9740,tsne,bert,0.98,0.74,0.93
9741,tsne,bert,0.98,0.74,0.94
9742,tsne,bert,0.97,0.75,0.94
9743,tsne,bert,0.97,0.75,0.94
9744,tsne,bert,0.97,0.74,0.9
9745,tsne,bert,0.97,0.75,0.94
9746,tsne,bert,0.97,0.71,0.9
9747,tsne,bert,0.98,0.75,0.94
9748,tsne,bert,0.97,0.74,0.94
9749,tsne,bert,0.97,0.75,0.94
9750,tsne,bert,0.97,0.75,0.94
9751,tsne,bert,0.97,0.74,0.93
9752,tsne,bert,0.97,0.75,0.94
9753,tsne,bert,0.98,0.75,0.94
9754,tsne,bert,0.97,0.73,0.91
9755,tsne,bert,0.98,0.75,0.94
9756,tsne,bert,0.98,0.75,0.94
9757,tsne,bert,0.97,0.76,0.94
9758,tsne,bert,0.98,0.75,0.94
9759,tsne,bert,0.98,0.74,0.93
9760,tsne,bert,0.98,0.75,0.94
9761,tsne,bert,0.98,0.74,0.93
9762,tsne,bert,0.97,0.72,0.93
9763,tsne,bert,0.97,0.75,0.94
9764,tsne,bert,0.97,0.74,0.91
9765,tsne,bert,0.97,0.75,0.94
9766,tsne,bert,0.98,0.75,0.94
9767,tsne,bert,0.98,0.75,0.94
9768,tsne,bert,0.97,0.75,0.94
9769,tsne,bert,0.97,0.75,0.92
9770,tsne,bert,0.97,0.75,0.94
9771,tsne,bert,0.97,0.75,0.94
9772,tsne,bert,0.97,0.75,0.94
9773,tsne,bert,0.98,0.75,0.94
9774,tsne,bert,0.97,0.75,0.94
9775,tsne,bert,0.97,0.75,0.94
9776,tsne,bert,0.97,0.76,0.94
9777,tsne,bert,0.98,0.74,0.93
9778,tsne,bert,0.97,0.74,0.91
9779,tsne,bert,0.97,0.74,0.94
9780,tsne,bert,0.97,0.73,0.94
9781,tsne,bert,0.98,0.75,0.94
9782,tsne,bert,0.97,0.75,0.91
9783,tsne,bert,0.98,0.76,0.93
9784,tsne,bert,0.97,0.75,0.94
9785,tsne,bert,0.97,0.75,0.94
9786,tsne,bert,0.97,0.74,0.94
9787,tsne,bert,0.97,0.75,0.93
9788,tsne,bert,0.97,0.75,0.94
9789,tsne,bert,0.98,0.75,0.94
9790,tsne,bert,0.97,0.74,0.93
9791,tsne,bert,0.97,0.75,0.94
9792,tsne,bert,0.97,0.74,0.93
9793,tsne,bert,0.97,0.75,0.93
9794,tsne,bert,0.98,0.75,0.94
9795,tsne,bert,0.98,0.74,0.94
9796,tsne,bert,0.97,0.75,0.94
9797,tsne,bert,0.97,0.74,0.93
9798,tsne,bert,0.97,0.74,0.94
9799,tsne,bert,0.98,0.75,0.94
9800,tsne,bert,0.97,0.75,0.94
9801,tsne,bert,0.98,0.76,0.93
9802,tsne,bert,0.97,0.75,0.94
9803,tsne,bert,0.97,0.75,0.94
9804,tsne,bert,0.98,0.75,0.94
9805,tsne,bert,0.98,0.76,0.93
9806,tsne,bert,0.97,0.74,0.91
9807,tsne,bert,0.97,0.75,0.91
9808,tsne,bert,0.98,0.74,0.94
9809,tsne,bert,0.98,0.74,0.94
9810,tsne,bert,0.98,0.74,0.93
9811,tsne,bert,0.98,0.75,0.94
9812,tsne,bert,0.97,0.75,0.94
9813,tsne,bert,0.97,0.75,0.94
9814,tsne,bert,0.97,0.75,0.94
9815,tsne,bert,0.97,0.75,0.94
9816,tsne,bert,0.97,0.74,0.91
9817,tsne,bert,0.97,0.75,0.94
9818,tsne,bert,0.98,0.74,0.94
9819,tsne,bert,0.97,0.75,0.94
9820,tsne,bert,0.98,0.75,0.94
9821,tsne,bert,0.97,0.75,0.94
9822,tsne,bert,0.98,0.74,0.93
9823,tsne,bert,0.97,0.75,0.94
9824,tsne,bert,0.97,0.74,0.9
9825,tsne,bert,0.97,0.76,0.93
9826,tsne,bert,0.97,0.74,0.9
9827,tsne,bert,0.97,0.75,0.94
9828,tsne,bert,0.97,0.75,0.94
9911,tsne,bert,0.98,0.79,0.95
9912,tsne,bert,0.98,0.79,0.95
9913,tsne,bert,0.98,0.79,0.95
9914,tsne,bert,0.98,0.79,0.95
9915,tsne,bert,0.98,0.8,0.95
9916,tsne,bert,0.98,0.79,0.94
9917,tsne,bert,0.97,0.77,0.93
9918,tsne,bert,0.98,0.79,0.95
9919,tsne,bert,0.98,0.78,0.95
9920,tsne,bert,0.98,0.79,0.95
9921,tsne,bert,0.97,0.77,0.93
9922,tsne,bert,0.98,0.8,0.95
9923,tsne,bert,0.98,0.76,0.95
9924,tsne,bert,0.98,0.77,0.96
9925,tsne,bert,0.98,0.79,0.95
9926,tsne,bert,0.98,0.8,0.95
9927,tsne,bert,0.97,0.77,0.93
9928,tsne,bert,0.98,0.79,0.95
9929,tsne,bert,0.98,0.76,0.95
9930,tsne,bert,0.98,0.78,0.95
9931,tsne,bert,0.98,0.79,0.95
9932,tsne,bert,0.98,0.78,0.95
9933,tsne,bert,0.98,0.77,0.95
9934,tsne,bert,0.98,0.79,0.95
9935,tsne,bert,0.98,0.78,0.95
9936,tsne,bert,0.98,0.79,0.95
9937,tsne,bert,0.98,0.76,0.96
9938,tsne,bert,0.98,0.79,0.95
9939,tsne,bert,0.98,0.76,0.94
9940,tsne,bert,0.98,0.8,0.95
9941,tsne,bert,0.97,0.71,0.88
9942,tsne,bert,0.98,0.79,0.94
9943,tsne,bert,0.98,0.79,0.95
9944,tsne,bert,0.98,0.8,0.95
9945,tsne,bert,0.98,0.8,0.95
9946,tsne,bert,0.98,0.79,0.95
9947,tsne,bert,0.97,0.77,0.92
9948,tsne,bert,0.98,0.79,0.95
9949,tsne,bert,0.97,0.77,0.93
9950,tsne,bert,0.98,0.79,0.95
9951,tsne,bert,0.98,0.76,0.95
9952,tsne,bert,0.98,0.76,0.95
9953,tsne,bert,0.98,0.8,0.95
9954,tsne,bert,0.98,0.79,0.95
9955,tsne,bert,0.97,0.76,0.93
9956,tsne,bert,0.98,0.79,0.95
9957,tsne,bert,0.98,0.79,0.94
9958,tsne,bert,0.98,0.78,0.95
9959,tsne,bert,0.98,0.76,0.95
9960,tsne,bert,0.97,0.77,0.93
9961,tsne,bert,0.98,0.79,0.95
9962,tsne,bert,0.98,0.79,0.95
9963,tsne,bert,0.98,0.79,0.95
9964,tsne,bert,0.98,0.79,0.95
9965,tsne,bert,0.98,0.76,0.95
9966,tsne,bert,0.98,0.8,0.95
9967,tsne,bert,0.98,0.79,0.95
9968,tsne,bert,0.98,0.78,0.95
9969,tsne,bert,0.98,0.79,0.94
9970,tsne,bert,0.98,0.79,0.95
9971,tsne,bert,0.98,0.79,0.95
9972,tsne,bert,0.98,0.76,0.94
9973,tsne,bert,0.98,0.79,0.95
9974,tsne,bert,0.98,0.8,0.95
9975,tsne,bert,0.98,0.8,0.95
9976,tsne,bert,0.98,0.78,0.95
9977,tsne,bert,0.98,0.79,0.95
9978,tsne,bert,0.97,0.75,0.91
9979,tsne,bert,0.97,0.72,0.89
9980,tsne,bert,0.98,0.78,0.95
9981,tsne,bert,0.97,0.76,0.91
9982,tsne,bert,0.97,0.76,0.92
9983,tsne,bert,0.98,0.77,0.95
9984,tsne,bert,0.98,0.8,0.95
9985,tsne,bert,0.98,0.78,0.95
9986,tsne,bert,0.98,0.8,0.95
9987,tsne,bert,0.98,0.79,0.95
9988,tsne,bert,0.97,0.71,0.88
9989,tsne,bert,0.98,0.79,0.95
9990,tsne,bert,0.98,0.8,0.95
9991,tsne,bert,0.98,0.78,0.95
9992,tsne,bert,0.97,0.77,0.93
9993,tsne,bert,0.98,0.79,0.94
9994,tsne,bert,0.98,0.77,0.96
9995,tsne,bert,0.97,0.76,0.93
9996,tsne,bert,0.98,0.76,0.95
9997,tsne,bert,0.98,0.8,0.94
9998,tsne,bert,0.98,0.78,0.95
9999,tsne,bert,0.98,0.77,0.95
10000,tsne,bert,0.97,0.76,0.93
10001,tsne,bert,0.98,0.79,0.94
10002,tsne,bert,0.98,0.78,0.95
10003,tsne,bert,0.98,0.8,0.95
10004,tsne,bert,0.98,0.76,0.95
10005,tsne,bert,0.98,0.8,0.95
10006,tsne,bert,0.97,0.77,0.93
10007,tsne,bert,0.98,0.79,0.95
10008,tsne,bert,0.98,0.79,0.95
10009,tsne,bert,0.98,0.78,0.95
10010,tsne,bert,0.98,0.79,0.95
10011,tsne,bert,0.98,0.78,0.95
10012,tsne,bert,0.98,0.79,0.95
10013,tsne,bert,0.98,0.77,0.95
10014,tsne,bert,0.98,0.78,0.95
10015,tsne,bert,0.98,0.8,0.95
10016,tsne,bert,0.98,0.79,0.94
10017,tsne,bert,0.98,0.79,0.95
10018,tsne,bert,0.97,0.77,0.92
10019,tsne,bert,0.98,0.79,0.95
10020,tsne,bert,0.98,0.79,0.95
10021,tsne,bert,0.98,0.8,0.95
10022,tsne,bert,0.98,0.76,0.95
10023,tsne,bert,0.98,0.79,0.94
10024,tsne,bert,0.98,0.76,0.96
10025,tsne,bert,0.98,0.79,0.95
10026,tsne,bert,0.98,0.79,0.95
10027,tsne,bert,0.97,0.7,0.87
10028,tsne,bert,0.98,0.76,0.95
10029,tsne,bert,0.98,0.78,0.95
10030,tsne,bert,0.98,0.76,0.95
10031,tsne,bert,0.98,0.79,0.95
10032,tsne,bert,0.98,0.8,0.95
10033,tsne,bert,0.97,0.76,0.93
10034,tsne,bert,0.97,0.76,0.92
10035,tsne,bert,0.98,0.77,0.95
10036,tsne,bert,0.98,0.79,0.95
10037,tsne,bert,0.97,0.76,0.94
10038,tsne,bert,0.98,0.76,0.95
10039,tsne,bert,0.98,0.79,0.95
10040,tsne,bert,0.98,0.79,0.95
10041,tsne,bert,0.98,0.79,0.94
10042,tsne,bert,0.97,0.77,0.93
10043,tsne,bert,0.98,0.79,0.95
10044,tsne,bert,0.98,0.79,0.95
10045,tsne,bert,0.98,0.78,0.95
10046,tsne,bert,0.98,0.79,0.95
10047,tsne,bert,0.98,0.79,0.95
10048,tsne,bert,0.98,0.79,0.95
10049,tsne,bert,0.97,0.77,0.93
10050,tsne,bert,0.98,0.79,0.95
10051,tsne,bert,0.98,0.78,0.95
10052,tsne,bert,0.98,0.79,0.95
10053,tsne,bert,0.98,0.79,0.95
10054,tsne,bert,0.98,0.79,0.95
10137,tsne,bert,0.98,0.72,0.95
10138,tsne,bert,0.98,0.76,0.95
10139,tsne,bert,0.98,0.73,0.95
10140,tsne,bert,0.98,0.72,0.95
10141,tsne,bert,0.98,0.72,0.95
10142,tsne,bert,0.98,0.7,0.95
10143,tsne,bert,0.98,0.73,0.95
10144,tsne,bert,0.98,0.72,0.96
10145,tsne,bert,0.98,0.73,0.95
10146,tsne,bert,0.98,0.73,0.95
10147,tsne,bert,0.97,0.73,0.92
10148,tsne,bert,0.97,0.69,0.9
10149,tsne,bert,0.98,0.74,0.96
10150,tsne,bert,0.98,0.73,0.95
10151,tsne,bert,0.98,0.72,0.95
10152,tsne,bert,0.98,0.72,0.95
10153,tsne,bert,0.98,0.73,0.95
10154,tsne,bert,0.98,0.71,0.96
10155,tsne,bert,0.98,0.73,0.95
10156,tsne,bert,0.98,0.72,0.96
10157,tsne,bert,0.98,0.73,0.95
10158,tsne,bert,0.98,0.73,0.95
10159,tsne,bert,0.97,0.75,0.94
10160,tsne,bert,0.97,0.74,0.93
10161,tsne,bert,0.98,0.71,0.95
10162,tsne,bert,0.98,0.73,0.95
10163,tsne,bert,0.98,0.73,0.95
10164,tsne,bert,0.98,0.72,0.95
10165,tsne,bert,0.98,0.72,0.95
10166,tsne,bert,0.98,0.72,0.96
10167,tsne,bert,0.98,0.73,0.96
10168,tsne,bert,0.97,0.72,0.91
10169,tsne,bert,0.98,0.76,0.95
10170,tsne,bert,0.98,0.73,0.95
10171,tsne,bert,0.97,0.76,0.95
10172,tsne,bert,0.98,0.73,0.95
10173,tsne,bert,0.98,0.76,0.95
10174,tsne,bert,0.97,0.69,0.89
10175,tsne,bert,0.98,0.73,0.95
10176,tsne,bert,0.98,0.73,0.93
10177,tsne,bert,0.98,0.73,0.95
10178,tsne,bert,0.97,0.73,0.93
10179,tsne,bert,0.98,0.72,0.95
10180,tsne,bert,0.98,0.72,0.96
10181,tsne,bert,0.98,0.72,0.95
10182,tsne,bert,0.97,0.74,0.92
10183,tsne,bert,0.98,0.73,0.95
10184,tsne,bert,0.98,0.74,0.95
10185,tsne,bert,0.98,0.73,0.95
10186,tsne,bert,0.98,0.71,0.95
10187,tsne,bert,0.97,0.69,0.88
10188,tsne,bert,0.97,0.74,0.94
10189,tsne,bert,0.98,0.72,0.95
10190,tsne,bert,0.97,0.76,0.95
10191,tsne,bert,0.97,0.72,0.91
10192,tsne,bert,0.98,0.72,0.95
10193,tsne,bert,0.98,0.74,0.93
10194,tsne,bert,0.98,0.73,0.95
10195,tsne,bert,0.98,0.72,0.94
10196,tsne,bert,0.98,0.74,0.95
10197,tsne,bert,0.98,0.76,0.95
10198,tsne,bert,0.98,0.73,0.95
10199,tsne,bert,0.97,0.71,0.9
10200,tsne,bert,0.98,0.71,0.96
10201,tsne,bert,0.98,0.72,0.95
10202,tsne,bert,0.98,0.72,0.96
10203,tsne,bert,0.98,0.71,0.95
10204,tsne,bert,0.98,0.74,0.96
10205,tsne,bert,0.98,0.73,0.95
10206,tsne,bert,0.98,0.73,0.96
10207,tsne,bert,0.98,0.72,0.95
10208,tsne,bert,0.98,0.76,0.95
10209,tsne,bert,0.98,0.72,0.95
10210,tsne,bert,0.98,0.74,0.95
10211,tsne,bert,0.97,0.69,0.89
10212,tsne,bert,0.98,0.73,0.95
10213,tsne,bert,0.98,0.74,0.95
10214,tsne,bert,0.98,0.72,0.95
10215,tsne,bert,0.98,0.74,0.96
10216,tsne,bert,0.97,0.74,0.93
10217,tsne,bert,0.98,0.71,0.95
10218,tsne,bert,0.98,0.72,0.96
10219,tsne,bert,0.98,0.73,0.96
10220,tsne,bert,0.97,0.72,0.92
10221,tsne,bert,0.98,0.71,0.95
10222,tsne,bert,0.97,0.73,0.92
10223,tsne,bert,0.98,0.71,0.95
10224,tsne,bert,0.98,0.74,0.96
10225,tsne,bert,0.97,0.73,0.92
10226,tsne,bert,0.98,0.72,0.95
10227,tsne,bert,0.98,0.73,0.96
10228,tsne,bert,0.97,0.76,0.95
10229,tsne,bert,0.98,0.74,0.94
10230,tsne,bert,0.98,0.73,0.95
10231,tsne,bert,0.98,0.73,0.96
10232,tsne,bert,0.98,0.72,0.95
10233,tsne,bert,0.98,0.72,0.95
10234,tsne,bert,0.98,0.71,0.95
10235,tsne,bert,0.98,0.74,0.96
10236,tsne,bert,0.98,0.72,0.96
10237,tsne,bert,0.98,0.72,0.95
10238,tsne,bert,0.98,0.72,0.94
10239,tsne,bert,0.98,0.73,0.95
10240,tsne,bert,0.98,0.72,0.93
10241,tsne,bert,0.98,0.7,0.95
10242,tsne,bert,0.98,0.72,0.95
10243,tsne,bert,0.98,0.73,0.95
10244,tsne,bert,0.98,0.73,0.95
10245,tsne,bert,0.98,0.74,0.96
10246,tsne,bert,0.98,0.74,0.95
10247,tsne,bert,0.98,0.73,0.95
10248,tsne,bert,0.98,0.71,0.94
10249,tsne,bert,0.98,0.76,0.96
10250,tsne,bert,0.98,0.75,0.95
10251,tsne,bert,0.97,0.73,0.92
10252,tsne,bert,0.98,0.74,0.96
10253,tsne,bert,0.98,0.73,0.95
10254,tsne,bert,0.98,0.72,0.93
10255,tsne,bert,0.98,0.72,0.94
10256,tsne,bert,0.98,0.73,0.95
10257,tsne,bert,0.97,0.73,0.92
10258,tsne,bert,0.98,0.74,0.95
10259,tsne,bert,0.98,0.71,0.95
10260,tsne,bert,0.98,0.74,0.94
10261,tsne,bert,0.98,0.74,0.95
10262,tsne,bert,0.98,0.72,0.95
10263,tsne,bert,0.98,0.72,0.96
10264,tsne,bert,0.98,0.72,0.95
10265,tsne,bert,0.98,0.71,0.96
10266,tsne,bert,0.97,0.76,0.95
10267,tsne,bert,0.98,0.73,0.95
10268,tsne,bert,0.97,0.74,0.92
10269,tsne,bert,0.98,0.72,0.96
10270,tsne,bert,0.98,0.74,0.96
10271,tsne,bert,0.98,0.73,0.95
10272,tsne,bert,0.98,0.73,0.95
10273,tsne,bert,0.98,0.74,0.93
10274,tsne,bert,0.98,0.72,0.95
10275,tsne,bert,0.98,0.71,0.95
10276,tsne,bert,0.98,0.71,0.96
10277,tsne,bert,0.98,0.73,0.95
10278,tsne,bert,0.98,0.72,0.96
10279,tsne,bert,0.98,0.72,0.96
10280,tsne,bert,0.98,0.72,0.95
10359,tsne,bert,0.95,0.68,0.9
10360,tsne,bert,0.95,0.67,0.9
10361,tsne,bert,0.96,0.68,0.91
10362,tsne,bert,0.96,0.69,0.91
10363,tsne,bert,0.95,0.68,0.9
10364,tsne,bert,0.96,0.69,0.9
10365,tsne,bert,0.95,0.68,0.87
10366,tsne,bert,0.95,0.68,0.88
10367,tsne,bert,0.96,0.68,0.9
10368,tsne,bert,0.96,0.68,0.9
10369,tsne,bert,0.96,0.69,0.91
10370,tsne,bert,0.95,0.69,0.92
10371,tsne,bert,0.95,0.68,0.89
10372,tsne,bert,0.95,0.69,0.91
10373,tsne,bert,0.95,0.68,0.9
10374,tsne,bert,0.96,0.69,0.9
10375,tsne,bert,0.96,0.69,0.91
10376,tsne,bert,0.95,0.68,0.88
10377,tsne,bert,0.96,0.68,0.9
10378,tsne,bert,0.96,0.69,0.91
10379,tsne,bert,0.95,0.69,0.91
10380,tsne,bert,0.96,0.69,0.9
10381,tsne,bert,0.95,0.68,0.89
10382,tsne,bert,0.96,0.68,0.9
10383,tsne,bert,0.95,0.68,0.9
10384,tsne,bert,0.96,0.69,0.91
10385,tsne,bert,0.95,0.69,0.9
10386,tsne,bert,0.96,0.68,0.91
10387,tsne,bert,0.95,0.66,0.89
10388,tsne,bert,0.96,0.69,0.91
10389,tsne,bert,0.96,0.69,0.9
10390,tsne,bert,0.96,0.68,0.9
10391,tsne,bert,0.95,0.67,0.9
10392,tsne,bert,0.96,0.68,0.91
10393,tsne,bert,0.96,0.69,0.91
10394,tsne,bert,0.96,0.68,0.91
10395,tsne,bert,0.96,0.69,0.9
10396,tsne,bert,0.96,0.69,0.9
10397,tsne,bert,0.95,0.68,0.88
10398,tsne,bert,0.95,0.68,0.9
10399,tsne,bert,0.96,0.69,0.89
10400,tsne,bert,0.95,0.68,0.89
10401,tsne,bert,0.96,0.68,0.9
10402,tsne,bert,0.95,0.68,0.9
10403,tsne,bert,0.96,0.69,0.91
10404,tsne,bert,0.96,0.69,0.9
10405,tsne,bert,0.96,0.7,0.91
10406,tsne,bert,0.96,0.68,0.92
10407,tsne,bert,0.95,0.68,0.9
10408,tsne,bert,0.96,0.68,0.89
10409,tsne,bert,0.96,0.69,0.9
10410,tsne,bert,0.95,0.68,0.89
10411,tsne,bert,0.95,0.69,0.9
10412,tsne,bert,0.95,0.68,0.9
10413,tsne,bert,0.95,0.68,0.88
10414,tsne,bert,0.96,0.68,0.9
10415,tsne,bert,0.96,0.69,0.89
10416,tsne,bert,0.96,0.68,0.91
10417,tsne,bert,0.95,0.68,0.9
10418,tsne,bert,0.96,0.69,0.91
10419,tsne,bert,0.95,0.68,0.88
10420,tsne,bert,0.96,0.68,0.91
10421,tsne,bert,0.95,0.68,0.88
10422,tsne,bert,0.95,0.66,0.89
10423,tsne,bert,0.95,0.68,0.9
10424,tsne,bert,0.96,0.68,0.9
10425,tsne,bert,0.95,0.69,0.9
10426,tsne,bert,0.96,0.69,0.89
10427,tsne,bert,0.96,0.68,0.91
10428,tsne,bert,0.95,0.68,0.88
10429,tsne,bert,0.96,0.69,0.91
10430,tsne,bert,0.96,0.68,0.89
10431,tsne,bert,0.95,0.67,0.9
10432,tsne,bert,0.96,0.68,0.9
10433,tsne,bert,0.96,0.68,0.88
10434,tsne,bert,0.95,0.68,0.9
10435,tsne,bert,0.96,0.69,0.91
10436,tsne,bert,0.96,0.69,0.91
10437,tsne,bert,0.96,0.68,0.9
10438,tsne,bert,0.96,0.68,0.9
10439,tsne,bert,0.95,0.67,0.91
10440,tsne,bert,0.95,0.68,0.89
10441,tsne,bert,0.96,0.68,0.9
10442,tsne,bert,0.96,0.69,0.9
10443,tsne,bert,0.95,0.68,0.89
10444,tsne,bert,0.95,0.67,0.86
10445,tsne,bert,0.96,0.69,0.91
10446,tsne,bert,0.96,0.68,0.89
10447,tsne,bert,0.96,0.69,0.89
10448,tsne,bert,0.96,0.69,0.9
10449,tsne,bert,0.95,0.68,0.89
10450,tsne,bert,0.96,0.69,0.9
10451,tsne,bert,0.96,0.69,0.91
10452,tsne,bert,0.96,0.69,0.91
10453,tsne,bert,0.96,0.68,0.91
10454,tsne,bert,0.96,0.69,0.9
10455,tsne,bert,0.95,0.67,0.9
10456,tsne,bert,0.95,0.68,0.88
10457,tsne,bert,0.96,0.68,0.91
10458,tsne,bert,0.96,0.68,0.91
10459,tsne,bert,0.95,0.67,0.9
10460,tsne,bert,0.96,0.69,0.91
10461,tsne,bert,0.96,0.69,0.9
10462,tsne,bert,0.96,0.69,0.89
10463,tsne,bert,0.95,0.68,0.9
10464,tsne,bert,0.96,0.69,0.9
10465,tsne,bert,0.96,0.68,0.89
10466,tsne,bert,0.95,0.69,0.91
10467,tsne,bert,0.95,0.69,0.9
10468,tsne,bert,0.95,0.66,0.89
10469,tsne,bert,0.95,0.67,0.86
10470,tsne,bert,0.96,0.68,0.91
10471,tsne,bert,0.95,0.68,0.9
10472,tsne,bert,0.96,0.69,0.91
10473,tsne,bert,0.95,0.69,0.91
10474,tsne,bert,0.95,0.68,0.9
10475,tsne,bert,0.96,0.68,0.91
10476,tsne,bert,0.95,0.69,0.9
10477,tsne,bert,0.95,0.68,0.87
10478,tsne,bert,0.96,0.69,0.9
10479,tsne,bert,0.95,0.68,0.9
10480,tsne,bert,0.96,0.68,0.9
10481,tsne,bert,0.96,0.68,0.91
10482,tsne,bert,0.96,0.69,0.91
10483,tsne,bert,0.96,0.68,0.91
10484,tsne,bert,0.96,0.68,0.9
10485,tsne,bert,0.96,0.7,0.91
10486,tsne,bert,0.95,0.68,0.9
10487,tsne,bert,0.96,0.68,0.9
10488,tsne,bert,0.95,0.68,0.89
10489,tsne,bert,0.95,0.68,0.88
10490,tsne,bert,0.96,0.69,0.91
10491,tsne,bert,0.96,0.68,0.9
10492,tsne,bert,0.95,0.68,0.9
10493,tsne,bert,0.95,0.68,0.9
10494,tsne,bert,0.96,0.68,0.91
10495,tsne,bert,0.96,0.69,0.9
10496,tsne,bert,0.95,0.69,0.92
10497,tsne,bert,0.95,0.69,0.92
10498,tsne,bert,0.95,0.66,0.88
10499,tsne,bert,0.95,0.68,0.88
10500,tsne,bert,0.96,0.69,0.89
10501,tsne,bert,0.96,0.68,0.9
10584,tsne,bert,0.95,0.67,0.87
10585,tsne,bert,0.94,0.67,0.88
10586,tsne,bert,0.94,0.67,0.87
10587,tsne,bert,0.94,0.67,0.87
10588,tsne,bert,0.95,0.67,0.89
10589,tsne,bert,0.95,0.67,0.89
10590,tsne,bert,0.95,0.68,0.89
10591,tsne,bert,0.95,0.68,0.89
10592,tsne,bert,0.94,0.67,0.88
10593,tsne,bert,0.95,0.67,0.87
10594,tsne,bert,0.95,0.68,0.89
10595,tsne,bert,0.95,0.68,0.89
10596,tsne,bert,0.95,0.67,0.88
10597,tsne,bert,0.95,0.67,0.88
10598,tsne,bert,0.95,0.67,0.87
10599,tsne,bert,0.95,0.67,0.88
10600,tsne,bert,0.94,0.67,0.88
10601,tsne,bert,0.95,0.67,0.86
10602,tsne,bert,0.95,0.68,0.89
10603,tsne,bert,0.95,0.67,0.88
10604,tsne,bert,0.95,0.68,0.9
10605,tsne,bert,0.94,0.67,0.88
10606,tsne,bert,0.94,0.67,0.87
10607,tsne,bert,0.95,0.67,0.9
10608,tsne,bert,0.95,0.67,0.9
10609,tsne,bert,0.95,0.68,0.9
10610,tsne,bert,0.94,0.67,0.88
10611,tsne,bert,0.95,0.68,0.82
10612,tsne,bert,0.95,0.66,0.9
10613,tsne,bert,0.95,0.67,0.9
10614,tsne,bert,0.95,0.67,0.87
10615,tsne,bert,0.94,0.67,0.88
10616,tsne,bert,0.95,0.68,0.9
10617,tsne,bert,0.94,0.67,0.88
10618,tsne,bert,0.94,0.66,0.85
10619,tsne,bert,0.95,0.68,0.9
10620,tsne,bert,0.95,0.68,0.85
10621,tsne,bert,0.95,0.68,0.89
10622,tsne,bert,0.95,0.67,0.89
10623,tsne,bert,0.95,0.67,0.9
10624,tsne,bert,0.95,0.68,0.89
10625,tsne,bert,0.95,0.68,0.89
10626,tsne,bert,0.95,0.67,0.9
10627,tsne,bert,0.94,0.66,0.85
10628,tsne,bert,0.95,0.67,0.87
10629,tsne,bert,0.94,0.67,0.87
10630,tsne,bert,0.95,0.67,0.9
10631,tsne,bert,0.95,0.68,0.9
10632,tsne,bert,0.95,0.68,0.9
10633,tsne,bert,0.95,0.68,0.9
10634,tsne,bert,0.95,0.67,0.88
10635,tsne,bert,0.94,0.67,0.87
10636,tsne,bert,0.95,0.68,0.88
10637,tsne,bert,0.93,0.67,0.86
10638,tsne,bert,0.95,0.67,0.89
10639,tsne,bert,0.95,0.67,0.89
10640,tsne,bert,0.95,0.66,0.89
10641,tsne,bert,0.95,0.68,0.85
10642,tsne,bert,0.93,0.66,0.86
10643,tsne,bert,0.94,0.68,0.89
10644,tsne,bert,0.94,0.67,0.87
10645,tsne,bert,0.95,0.68,0.89
10646,tsne,bert,0.94,0.67,0.88
10647,tsne,bert,0.95,0.68,0.89
10648,tsne,bert,0.95,0.68,0.85
10649,tsne,bert,0.94,0.67,0.88
10650,tsne,bert,0.94,0.68,0.89
10651,tsne,bert,0.94,0.67,0.88
10652,tsne,bert,0.94,0.68,0.89
10653,tsne,bert,0.95,0.67,0.89
10654,tsne,bert,0.94,0.67,0.87
10655,tsne,bert,0.95,0.68,0.89
10656,tsne,bert,0.95,0.68,0.85
10657,tsne,bert,0.95,0.68,0.86
10658,tsne,bert,0.94,0.67,0.88
10659,tsne,bert,0.95,0.67,0.9
10660,tsne,bert,0.95,0.67,0.89
10661,tsne,bert,0.95,0.67,0.89
10662,tsne,bert,0.95,0.67,0.89
10663,tsne,bert,0.95,0.66,0.89
10664,tsne,bert,0.95,0.68,0.89
10665,tsne,bert,0.95,0.68,0.87
10666,tsne,bert,0.94,0.67,0.88
10667,tsne,bert,0.95,0.67,0.89
10668,tsne,bert,0.94,0.67,0.87
10669,tsne,bert,0.95,0.67,0.89
10670,tsne,bert,0.94,0.66,0.88
10671,tsne,bert,0.94,0.68,0.88
10672,tsne,bert,0.95,0.67,0.88
10673,tsne,bert,0.95,0.67,0.9
10674,tsne,bert,0.95,0.67,0.87
10675,tsne,bert,0.95,0.68,0.9
10676,tsne,bert,0.95,0.67,0.89
10677,tsne,bert,0.95,0.67,0.9
10678,tsne,bert,0.94,0.66,0.85
10679,tsne,bert,0.95,0.68,0.89
10680,tsne,bert,0.93,0.66,0.85
10681,tsne,bert,0.95,0.67,0.89
10682,tsne,bert,0.95,0.67,0.89
10683,tsne,bert,0.94,0.67,0.88
10684,tsne,bert,0.95,0.67,0.89
10685,tsne,bert,0.95,0.67,0.89
10686,tsne,bert,0.94,0.67,0.85
10687,tsne,bert,0.94,0.67,0.87
10688,tsne,bert,0.94,0.67,0.88
10689,tsne,bert,0.95,0.67,0.89
10690,tsne,bert,0.95,0.67,0.9
10691,tsne,bert,0.94,0.68,0.89
10692,tsne,bert,0.95,0.68,0.9
10693,tsne,bert,0.95,0.67,0.88
10694,tsne,bert,0.95,0.66,0.85
10695,tsne,bert,0.95,0.68,0.9
10696,tsne,bert,0.94,0.67,0.87
10697,tsne,bert,0.95,0.68,0.9
10698,tsne,bert,0.95,0.68,0.84
10699,tsne,bert,0.94,0.66,0.88
10700,tsne,bert,0.95,0.68,0.85
10701,tsne,bert,0.95,0.68,0.9
10702,tsne,bert,0.94,0.66,0.87
10703,tsne,bert,0.94,0.67,0.88
10704,tsne,bert,0.95,0.68,0.9
10705,tsne,bert,0.95,0.67,0.9
10706,tsne,bert,0.95,0.68,0.89
10707,tsne,bert,0.95,0.68,0.89
10708,tsne,bert,0.94,0.67,0.87
10709,tsne,bert,0.95,0.68,0.89
10710,tsne,bert,0.95,0.68,0.9
10711,tsne,bert,0.95,0.67,0.89
10712,tsne,bert,0.95,0.67,0.9
10713,tsne,bert,0.95,0.67,0.85
10714,tsne,bert,0.95,0.67,0.9
10715,tsne,bert,0.95,0.67,0.89
10716,tsne,bert,0.95,0.68,0.89
10717,tsne,bert,0.94,0.66,0.84
10718,tsne,bert,0.95,0.68,0.89
10719,tsne,bert,0.95,0.68,0.89
10720,tsne,bert,0.94,0.67,0.87
10721,tsne,bert,0.95,0.68,0.89
10722,tsne,bert,0.95,0.68,0.9
10723,tsne,bert,0.94,0.68,0.89
10724,tsne,bert,0.95,0.68,0.9
10725,tsne,bert,0.95,0.67,0.9
10726,tsne,bert,0.94,0.67,0.87
13524,tsne,bert,0.9,0.73,0.59
13525,tsne,bert,0.88,0.73,0.58
13526,tsne,bert,0.89,0.73,0.57
13527,tsne,bert,0.88,0.71,0.54
13528,tsne,bert,0.9,0.73,0.58
13529,tsne,bert,0.9,0.73,0.59
13530,tsne,bert,0.9,0.72,0.58
13531,tsne,bert,0.9,0.73,0.59
13532,tsne,bert,0.9,0.73,0.58
13533,tsne,bert,0.89,0.71,0.57
13534,tsne,bert,0.89,0.73,0.58
13535,tsne,bert,0.89,0.72,0.56
13536,tsne,bert,0.89,0.72,0.58
13537,tsne,bert,0.88,0.71,0.56
13538,tsne,bert,0.9,0.73,0.59
13539,tsne,bert,0.9,0.73,0.59
13540,tsne,bert,0.89,0.72,0.57
13541,tsne,bert,0.9,0.73,0.59
13542,tsne,bert,0.89,0.71,0.57
13543,tsne,bert,0.89,0.72,0.55
13544,tsne,bert,0.89,0.71,0.56
13545,tsne,bert,0.9,0.73,0.58
13546,tsne,bert,0.9,0.73,0.59
13547,tsne,bert,0.89,0.72,0.57
13548,tsne,bert,0.88,0.71,0.57
13549,tsne,bert,0.89,0.71,0.58
13550,tsne,bert,0.9,0.73,0.59
13551,tsne,bert,0.89,0.73,0.56
13552,tsne,bert,0.88,0.71,0.57
13553,tsne,bert,0.9,0.73,0.58
13554,tsne,bert,0.89,0.73,0.57
13555,tsne,bert,0.89,0.72,0.55
13556,tsne,bert,0.89,0.72,0.58
13557,tsne,bert,0.89,0.73,0.56
13558,tsne,bert,0.89,0.71,0.56
13559,tsne,bert,0.9,0.73,0.59
13560,tsne,bert,0.89,0.73,0.57
13561,tsne,bert,0.89,0.72,0.55
13562,tsne,bert,0.89,0.72,0.57
13563,tsne,bert,0.89,0.72,0.55
13564,tsne,bert,0.89,0.71,0.56
13565,tsne,bert,0.88,0.71,0.57
13566,tsne,bert,0.9,0.73,0.59
13567,tsne,bert,0.89,0.72,0.57
13568,tsne,bert,0.88,0.71,0.57
13569,tsne,bert,0.9,0.73,0.59
13570,tsne,bert,0.89,0.72,0.58
13571,tsne,bert,0.9,0.73,0.59
13572,tsne,bert,0.89,0.72,0.56
13573,tsne,bert,0.89,0.72,0.55
13574,tsne,bert,0.89,0.72,0.55
13575,tsne,bert,0.89,0.72,0.56
13576,tsne,bert,0.88,0.72,0.58
13577,tsne,bert,0.89,0.74,0.57
13578,tsne,bert,0.88,0.7,0.54
13579,tsne,bert,0.89,0.72,0.57
13580,tsne,bert,0.89,0.73,0.57
13581,tsne,bert,0.88,0.71,0.57
13582,tsne,bert,0.88,0.7,0.54
13583,tsne,bert,0.89,0.73,0.56
13584,tsne,bert,0.89,0.71,0.56
13585,tsne,bert,0.88,0.71,0.57
13586,tsne,bert,0.89,0.72,0.55
13587,tsne,bert,0.89,0.71,0.56
13588,tsne,bert,0.9,0.73,0.59
13589,tsne,bert,0.89,0.71,0.57
13590,tsne,bert,0.89,0.72,0.58
13591,tsne,bert,0.88,0.71,0.56
13592,tsne,bert,0.88,0.71,0.54
13593,tsne,bert,0.89,0.72,0.55
13594,tsne,bert,0.9,0.73,0.59
13595,tsne,bert,0.89,0.74,0.57
13596,tsne,bert,0.89,0.72,0.58
13597,tsne,bert,0.9,0.73,0.59
13598,tsne,bert,0.9,0.73,0.58
13599,tsne,bert,0.9,0.73,0.59
13600,tsne,bert,0.89,0.71,0.56
13601,tsne,bert,0.89,0.72,0.57
13602,tsne,bert,0.89,0.73,0.58
13603,tsne,bert,0.88,0.71,0.57
13604,tsne,bert,0.9,0.73,0.59
13605,tsne,bert,0.88,0.71,0.57
13606,tsne,bert,0.89,0.71,0.57
13607,tsne,bert,0.88,0.71,0.57
13608,tsne,bert,0.88,0.71,0.57
13609,tsne,bert,0.89,0.72,0.57
13610,tsne,bert,0.89,0.72,0.56
13611,tsne,bert,0.89,0.71,0.56
13612,tsne,bert,0.89,0.71,0.57
13613,tsne,bert,0.89,0.74,0.58
13614,tsne,bert,0.89,0.72,0.57
13615,tsne,bert,0.89,0.72,0.57
13616,tsne,bert,0.89,0.72,0.56
13617,tsne,bert,0.89,0.73,0.56
13618,tsne,bert,0.89,0.72,0.58
13619,tsne,bert,0.89,0.72,0.58
13620,tsne,bert,0.9,0.73,0.59
13621,tsne,bert,0.89,0.71,0.56
13622,tsne,bert,0.89,0.72,0.57
13623,tsne,bert,0.9,0.73,0.58
13624,tsne,bert,0.9,0.73,0.59
13625,tsne,bert,0.89,0.72,0.57
13626,tsne,bert,0.88,0.71,0.57
13627,tsne,bert,0.89,0.73,0.57
13628,tsne,bert,0.88,0.7,0.56
13629,tsne,bert,0.88,0.71,0.56
13630,tsne,bert,0.9,0.73,0.59
13631,tsne,bert,0.88,0.71,0.57
13632,tsne,bert,0.9,0.73,0.58
13633,tsne,bert,0.88,0.7,0.54
13634,tsne,bert,0.9,0.73,0.58
13635,tsne,bert,0.9,0.73,0.59
13636,tsne,bert,0.88,0.71,0.57
13637,tsne,bert,0.88,0.71,0.56
13638,tsne,bert,0.86,0.69,0.55
13639,tsne,bert,0.88,0.71,0.57
13640,tsne,bert,0.89,0.72,0.56
13641,tsne,bert,0.89,0.72,0.57
13642,tsne,bert,0.89,0.72,0.56
13643,tsne,bert,0.88,0.71,0.54
13644,tsne,bert,0.9,0.73,0.59
13645,tsne,bert,0.89,0.74,0.58
13646,tsne,bert,0.89,0.74,0.57
13647,tsne,bert,0.88,0.72,0.57
13648,tsne,bert,0.88,0.71,0.57
13649,tsne,bert,0.9,0.73,0.59
13650,tsne,bert,0.9,0.73,0.58
13651,tsne,bert,0.89,0.73,0.57
13652,tsne,bert,0.89,0.71,0.57
13653,tsne,bert,0.88,0.71,0.57
13654,tsne,bert,0.88,0.71,0.57
13655,tsne,bert,0.89,0.73,0.56
13656,tsne,bert,0.89,0.71,0.56
13657,tsne,bert,0.9,0.73,0.58
13658,tsne,bert,0.9,0.73,0.59
13659,tsne,bert,0.89,0.72,0.56
13660,tsne,bert,0.88,0.71,0.57
13661,tsne,bert,0.88,0.71,0.57
13662,tsne,bert,0.89,0.73,0.57
13663,tsne,bert,0.89,0.72,0.58
13664,tsne,bert,0.88,0.71,0.57
13665,tsne,bert,0.89,0.72,0.56
13666,tsne,bert,0.89,0.73,0.58
13667,tsne,bert,0.89,0.72,0.55
13751,tsne,bert,0.9,0.72,0.59
13752,tsne,bert,0.88,0.7,0.55
13753,tsne,bert,0.9,0.72,0.59
13754,tsne,bert,0.88,0.7,0.56
13755,tsne,bert,0.89,0.7,0.56
13756,tsne,bert,0.9,0.72,0.58
13757,tsne,bert,0.9,0.72,0.57
13758,tsne,bert,0.9,0.72,0.59
13759,tsne,bert,0.9,0.71,0.58
13760,tsne,bert,0.9,0.72,0.59
13761,tsne,bert,0.9,0.72,0.57
13762,tsne,bert,0.9,0.73,0.58
13763,tsne,bert,0.9,0.7,0.58
13764,tsne,bert,0.9,0.73,0.58
13765,tsne,bert,0.9,0.72,0.59
13766,tsne,bert,0.89,0.71,0.57
13767,tsne,bert,0.89,0.71,0.58
13768,tsne,bert,0.9,0.72,0.58
13769,tsne,bert,0.88,0.7,0.56
13770,tsne,bert,0.9,0.72,0.59
13771,tsne,bert,0.88,0.71,0.56
13772,tsne,bert,0.9,0.72,0.58
13773,tsne,bert,0.9,0.72,0.59
13774,tsne,bert,0.9,0.72,0.57
13775,tsne,bert,0.9,0.72,0.57
13776,tsne,bert,0.9,0.71,0.56
13777,tsne,bert,0.9,0.71,0.56
13778,tsne,bert,0.9,0.72,0.59
13779,tsne,bert,0.9,0.71,0.57
13780,tsne,bert,0.9,0.71,0.58
13781,tsne,bert,0.9,0.72,0.59
13782,tsne,bert,0.9,0.71,0.56
13783,tsne,bert,0.9,0.72,0.58
13784,tsne,bert,0.9,0.72,0.58
13785,tsne,bert,0.9,0.72,0.59
13786,tsne,bert,0.89,0.7,0.57
13787,tsne,bert,0.9,0.72,0.56
13788,tsne,bert,0.9,0.72,0.58
13789,tsne,bert,0.9,0.71,0.56
13790,tsne,bert,0.9,0.72,0.57
13791,tsne,bert,0.89,0.7,0.56
13792,tsne,bert,0.89,0.69,0.56
13793,tsne,bert,0.9,0.71,0.58
13794,tsne,bert,0.9,0.71,0.56
13795,tsne,bert,0.9,0.71,0.57
13796,tsne,bert,0.9,0.73,0.58
13797,tsne,bert,0.9,0.7,0.58
13798,tsne,bert,0.89,0.7,0.56
13799,tsne,bert,0.9,0.71,0.58
13800,tsne,bert,0.9,0.72,0.58
13801,tsne,bert,0.88,0.7,0.56
13802,tsne,bert,0.9,0.7,0.58
13803,tsne,bert,0.9,0.73,0.58
13804,tsne,bert,0.9,0.71,0.57
13805,tsne,bert,0.9,0.72,0.57
13806,tsne,bert,0.9,0.72,0.58
13807,tsne,bert,0.9,0.72,0.58
13808,tsne,bert,0.9,0.71,0.56
13809,tsne,bert,0.9,0.73,0.58
13810,tsne,bert,0.9,0.71,0.59
13811,tsne,bert,0.88,0.7,0.56
13812,tsne,bert,0.89,0.71,0.58
13813,tsne,bert,0.88,0.71,0.56
13814,tsne,bert,0.88,0.7,0.56
13815,tsne,bert,0.89,0.7,0.56
13816,tsne,bert,0.88,0.7,0.56
13817,tsne,bert,0.9,0.72,0.59
13818,tsne,bert,0.9,0.72,0.59
13819,tsne,bert,0.9,0.72,0.59
13820,tsne,bert,0.9,0.71,0.57
13821,tsne,bert,0.9,0.71,0.58
13822,tsne,bert,0.9,0.73,0.58
13823,tsne,bert,0.9,0.73,0.58
13824,tsne,bert,0.88,0.7,0.55
13825,tsne,bert,0.89,0.71,0.56
13826,tsne,bert,0.89,0.7,0.56
13827,tsne,bert,0.9,0.72,0.58
13828,tsne,bert,0.89,0.72,0.58
13829,tsne,bert,0.89,0.7,0.57
13830,tsne,bert,0.9,0.72,0.59
13831,tsne,bert,0.9,0.71,0.57
13832,tsne,bert,0.89,0.7,0.56
13833,tsne,bert,0.9,0.72,0.59
13834,tsne,bert,0.88,0.7,0.56
13835,tsne,bert,0.89,0.71,0.56
13836,tsne,bert,0.9,0.72,0.58
13837,tsne,bert,0.89,0.7,0.56
13838,tsne,bert,0.9,0.72,0.59
13839,tsne,bert,0.89,0.7,0.56
13840,tsne,bert,0.89,0.71,0.58
13841,tsne,bert,0.9,0.71,0.56
13842,tsne,bert,0.9,0.72,0.57
13843,tsne,bert,0.9,0.71,0.57
13844,tsne,bert,0.9,0.72,0.57
13845,tsne,bert,0.89,0.71,0.55
13846,tsne,bert,0.9,0.71,0.57
13847,tsne,bert,0.9,0.72,0.57
13848,tsne,bert,0.9,0.72,0.58
13849,tsne,bert,0.9,0.72,0.59
13850,tsne,bert,0.9,0.71,0.59
13851,tsne,bert,0.89,0.72,0.58
13852,tsne,bert,0.9,0.71,0.58
13853,tsne,bert,0.9,0.72,0.59
13854,tsne,bert,0.9,0.7,0.58
13855,tsne,bert,0.9,0.71,0.58
13856,tsne,bert,0.9,0.72,0.57
13857,tsne,bert,0.9,0.72,0.57
13858,tsne,bert,0.9,0.7,0.58
13859,tsne,bert,0.9,0.71,0.58
13860,tsne,bert,0.9,0.71,0.58
13861,tsne,bert,0.9,0.71,0.59
13862,tsne,bert,0.89,0.7,0.56
13863,tsne,bert,0.89,0.7,0.56
13864,tsne,bert,0.89,0.73,0.58
13865,tsne,bert,0.9,0.71,0.59
13866,tsne,bert,0.9,0.71,0.58
13867,tsne,bert,0.9,0.71,0.58
13868,tsne,bert,0.89,0.7,0.57
13869,tsne,bert,0.89,0.71,0.58
13870,tsne,bert,0.88,0.7,0.56
13871,tsne,bert,0.89,0.7,0.55
13872,tsne,bert,0.89,0.7,0.56
13873,tsne,bert,0.9,0.72,0.58
13874,tsne,bert,0.9,0.72,0.58
13875,tsne,bert,0.89,0.7,0.56
13876,tsne,bert,0.9,0.72,0.57
13877,tsne,bert,0.9,0.72,0.58
13878,tsne,bert,0.9,0.72,0.58
13879,tsne,bert,0.9,0.7,0.58
13880,tsne,bert,0.9,0.72,0.59
13881,tsne,bert,0.89,0.72,0.58
13882,tsne,bert,0.9,0.72,0.57
13883,tsne,bert,0.89,0.71,0.58
13884,tsne,bert,0.9,0.72,0.59
13885,tsne,bert,0.9,0.72,0.58
13886,tsne,bert,0.9,0.71,0.58
13887,tsne,bert,0.9,0.71,0.56
13888,tsne,bert,0.9,0.71,0.58
13889,tsne,bert,0.9,0.72,0.58
13890,tsne,bert,0.89,0.7,0.57
13891,tsne,bert,0.88,0.7,0.56
13892,tsne,bert,0.9,0.71,0.58
13893,tsne,bert,0.9,0.72,0.58
13894,tsne,bert,0.9,0.72,0.59
13978,tsne,bert,0.91,0.73,0.6
13979,tsne,bert,0.91,0.75,0.61
13980,tsne,bert,0.9,0.73,0.6
13981,tsne,bert,0.9,0.73,0.6
13982,tsne,bert,0.91,0.73,0.6
13983,tsne,bert,0.91,0.74,0.61
13984,tsne,bert,0.91,0.74,0.61
13985,tsne,bert,0.9,0.73,0.59
13986,tsne,bert,0.91,0.74,0.61
13987,tsne,bert,0.9,0.73,0.59
13988,tsne,bert,0.91,0.76,0.6
13989,tsne,bert,0.91,0.73,0.59
13990,tsne,bert,0.91,0.74,0.61
13991,tsne,bert,0.9,0.73,0.6
13992,tsne,bert,0.89,0.71,0.58
13993,tsne,bert,0.91,0.74,0.61
13994,tsne,bert,0.91,0.74,0.61
13995,tsne,bert,0.91,0.74,0.61
13996,tsne,bert,0.91,0.74,0.61
13997,tsne,bert,0.9,0.72,0.6
13998,tsne,bert,0.91,0.74,0.61
13999,tsne,bert,0.9,0.72,0.59
14000,tsne,bert,0.91,0.74,0.61
14001,tsne,bert,0.91,0.73,0.61
14002,tsne,bert,0.91,0.74,0.61
14003,tsne,bert,0.91,0.74,0.59
14004,tsne,bert,0.9,0.72,0.6
14005,tsne,bert,0.91,0.73,0.6
14006,tsne,bert,0.91,0.74,0.61
14007,tsne,bert,0.91,0.73,0.59
14008,tsne,bert,0.9,0.71,0.59
14009,tsne,bert,0.91,0.73,0.61
14010,tsne,bert,0.91,0.74,0.61
14011,tsne,bert,0.91,0.75,0.61
14012,tsne,bert,0.9,0.73,0.59
14013,tsne,bert,0.91,0.74,0.61
14014,tsne,bert,0.91,0.75,0.61
14015,tsne,bert,0.9,0.73,0.6
14016,tsne,bert,0.9,0.71,0.59
14017,tsne,bert,0.91,0.75,0.61
14018,tsne,bert,0.91,0.74,0.61
14019,tsne,bert,0.9,0.73,0.6
14020,tsne,bert,0.91,0.74,0.61
14021,tsne,bert,0.9,0.74,0.6
14022,tsne,bert,0.91,0.74,0.61
14023,tsne,bert,0.91,0.74,0.61
14024,tsne,bert,0.9,0.73,0.6
14025,tsne,bert,0.91,0.73,0.6
14026,tsne,bert,0.91,0.74,0.61
14027,tsne,bert,0.91,0.75,0.61
14028,tsne,bert,0.91,0.75,0.61
14029,tsne,bert,0.91,0.73,0.6
14030,tsne,bert,0.9,0.73,0.6
14031,tsne,bert,0.9,0.72,0.59
14032,tsne,bert,0.91,0.74,0.61
14033,tsne,bert,0.91,0.75,0.61
14034,tsne,bert,0.9,0.73,0.6
14035,tsne,bert,0.91,0.74,0.59
14036,tsne,bert,0.91,0.74,0.61
14037,tsne,bert,0.91,0.74,0.6
14038,tsne,bert,0.9,0.72,0.59
14039,tsne,bert,0.9,0.73,0.6
14040,tsne,bert,0.9,0.74,0.61
14041,tsne,bert,0.91,0.73,0.59
14042,tsne,bert,0.91,0.74,0.61
14043,tsne,bert,0.9,0.73,0.6
14044,tsne,bert,0.9,0.73,0.59
14045,tsne,bert,0.91,0.74,0.6
14046,tsne,bert,0.91,0.75,0.6
14047,tsne,bert,0.9,0.73,0.6
14048,tsne,bert,0.9,0.74,0.6
14049,tsne,bert,0.89,0.71,0.58
14050,tsne,bert,0.91,0.75,0.61
14051,tsne,bert,0.91,0.73,0.6
14052,tsne,bert,0.9,0.73,0.6
14053,tsne,bert,0.91,0.75,0.61
14054,tsne,bert,0.91,0.73,0.59
14055,tsne,bert,0.91,0.75,0.61
14056,tsne,bert,0.9,0.72,0.6
14057,tsne,bert,0.9,0.73,0.59
14058,tsne,bert,0.91,0.76,0.61
14059,tsne,bert,0.9,0.72,0.59
14060,tsne,bert,0.9,0.73,0.59
14061,tsne,bert,0.9,0.72,0.6
14062,tsne,bert,0.91,0.73,0.6
14063,tsne,bert,0.9,0.72,0.6
14064,tsne,bert,0.9,0.73,0.6
14065,tsne,bert,0.91,0.74,0.61
14066,tsne,bert,0.91,0.74,0.61
14067,tsne,bert,0.91,0.74,0.61
14068,tsne,bert,0.9,0.73,0.6
14069,tsne,bert,0.91,0.74,0.61
14070,tsne,bert,0.91,0.73,0.6
14071,tsne,bert,0.9,0.72,0.61
14072,tsne,bert,0.91,0.74,0.61
14073,tsne,bert,0.91,0.73,0.6
14074,tsne,bert,0.9,0.72,0.6
14075,tsne,bert,0.91,0.74,0.61
14076,tsne,bert,0.91,0.74,0.59
14077,tsne,bert,0.91,0.74,0.61
14078,tsne,bert,0.91,0.74,0.61
14079,tsne,bert,0.9,0.72,0.6
14080,tsne,bert,0.89,0.71,0.58
14081,tsne,bert,0.91,0.74,0.61
14082,tsne,bert,0.9,0.73,0.6
14083,tsne,bert,0.91,0.74,0.61
14084,tsne,bert,0.9,0.75,0.61
14085,tsne,bert,0.91,0.76,0.6
14086,tsne,bert,0.91,0.74,0.61
14087,tsne,bert,0.9,0.72,0.6
14088,tsne,bert,0.91,0.75,0.61
14089,tsne,bert,0.91,0.74,0.61
14090,tsne,bert,0.91,0.74,0.61
14091,tsne,bert,0.91,0.73,0.61
14092,tsne,bert,0.91,0.74,0.61
14093,tsne,bert,0.91,0.74,0.61
14094,tsne,bert,0.91,0.73,0.59
14095,tsne,bert,0.91,0.75,0.61
14096,tsne,bert,0.91,0.73,0.61
14097,tsne,bert,0.91,0.73,0.6
14098,tsne,bert,0.91,0.75,0.61
14099,tsne,bert,0.9,0.73,0.6
14100,tsne,bert,0.91,0.74,0.61
14101,tsne,bert,0.9,0.72,0.59
14102,tsne,bert,0.89,0.71,0.58
14103,tsne,bert,0.91,0.74,0.61
14104,tsne,bert,0.9,0.74,0.61
14105,tsne,bert,0.91,0.74,0.61
14106,tsne,bert,0.9,0.73,0.6
14107,tsne,bert,0.9,0.72,0.59
14108,tsne,bert,0.9,0.73,0.6
14109,tsne,bert,0.91,0.75,0.61
14110,tsne,bert,0.91,0.73,0.6
14111,tsne,bert,0.9,0.73,0.6
14112,tsne,bert,0.91,0.74,0.61
14113,tsne,bert,0.91,0.73,0.59
14114,tsne,bert,0.91,0.74,0.61
14115,tsne,bert,0.91,0.76,0.61
14116,tsne,bert,0.91,0.75,0.61
14117,tsne,bert,0.9,0.75,0.6
14118,tsne,bert,0.9,0.72,0.6
14119,tsne,bert,0.9,0.73,0.6
14120,tsne,bert,0.91,0.74,0.6
14121,tsne,bert,0.9,0.73,0.6
14205,tsne,bert,0.87,0.68,0.52
14206,tsne,bert,0.87,0.69,0.52
14207,tsne,bert,0.88,0.7,0.53
14208,tsne,bert,0.87,0.69,0.52
14209,tsne,bert,0.88,0.7,0.54
14210,tsne,bert,0.88,0.71,0.53
14211,tsne,bert,0.88,0.7,0.53
14212,tsne,bert,0.88,0.72,0.54
14213,tsne,bert,0.88,0.69,0.52
14214,tsne,bert,0.87,0.69,0.52
14215,tsne,bert,0.88,0.72,0.54
14216,tsne,bert,0.88,0.71,0.53
14217,tsne,bert,0.88,0.72,0.54
14218,tsne,bert,0.87,0.7,0.53
14219,tsne,bert,0.88,0.71,0.53
14220,tsne,bert,0.88,0.72,0.54
14221,tsne,bert,0.87,0.7,0.53
14222,tsne,bert,0.88,0.69,0.52
14223,tsne,bert,0.88,0.71,0.52
14224,tsne,bert,0.88,0.71,0.53
14225,tsne,bert,0.88,0.71,0.53
14226,tsne,bert,0.85,0.66,0.52
14227,tsne,bert,0.88,0.71,0.53
14228,tsne,bert,0.87,0.69,0.52
14229,tsne,bert,0.88,0.72,0.53
14230,tsne,bert,0.87,0.68,0.52
14231,tsne,bert,0.89,0.72,0.54
14232,tsne,bert,0.87,0.69,0.52
14233,tsne,bert,0.88,0.72,0.54
14234,tsne,bert,0.88,0.71,0.54
14235,tsne,bert,0.88,0.71,0.52
14236,tsne,bert,0.88,0.71,0.54
14237,tsne,bert,0.88,0.7,0.53
14238,tsne,bert,0.87,0.72,0.53
14239,tsne,bert,0.89,0.72,0.54
14240,tsne,bert,0.89,0.72,0.54
14241,tsne,bert,0.88,0.71,0.54
14242,tsne,bert,0.88,0.72,0.54
14243,tsne,bert,0.88,0.69,0.52
14244,tsne,bert,0.88,0.71,0.54
14245,tsne,bert,0.88,0.72,0.54
14246,tsne,bert,0.88,0.7,0.53
14247,tsne,bert,0.88,0.71,0.53
14248,tsne,bert,0.88,0.7,0.53
14249,tsne,bert,0.87,0.69,0.52
14250,tsne,bert,0.88,0.71,0.54
14251,tsne,bert,0.87,0.69,0.52
14252,tsne,bert,0.87,0.69,0.52
14253,tsne,bert,0.87,0.69,0.52
14254,tsne,bert,0.89,0.71,0.53
14255,tsne,bert,0.88,0.71,0.54
14256,tsne,bert,0.88,0.7,0.53
14257,tsne,bert,0.87,0.69,0.52
14258,tsne,bert,0.89,0.72,0.54
14259,tsne,bert,0.85,0.67,0.51
14260,tsne,bert,0.89,0.72,0.54
14261,tsne,bert,0.87,0.68,0.52
14262,tsne,bert,0.87,0.7,0.52
14263,tsne,bert,0.87,0.69,0.52
14264,tsne,bert,0.88,0.7,0.53
14265,tsne,bert,0.88,0.71,0.53
14266,tsne,bert,0.88,0.71,0.54
14267,tsne,bert,0.88,0.71,0.54
14268,tsne,bert,0.85,0.67,0.51
14269,tsne,bert,0.89,0.72,0.53
14270,tsne,bert,0.87,0.69,0.52
14271,tsne,bert,0.88,0.71,0.53
14272,tsne,bert,0.88,0.71,0.53
14273,tsne,bert,0.88,0.71,0.54
14274,tsne,bert,0.89,0.72,0.53
14275,tsne,bert,0.87,0.69,0.52
14276,tsne,bert,0.87,0.69,0.52
14277,tsne,bert,0.88,0.72,0.54
14278,tsne,bert,0.88,0.71,0.53
14279,tsne,bert,0.88,0.71,0.53
14280,tsne,bert,0.87,0.68,0.52
14281,tsne,bert,0.88,0.71,0.52
14282,tsne,bert,0.88,0.71,0.54
14283,tsne,bert,0.88,0.7,0.53
14284,tsne,bert,0.88,0.7,0.54
14285,tsne,bert,0.87,0.69,0.52
14286,tsne,bert,0.88,0.71,0.53
14287,tsne,bert,0.88,0.71,0.54
14288,tsne,bert,0.89,0.71,0.53
14289,tsne,bert,0.88,0.71,0.54
14290,tsne,bert,0.89,0.72,0.53
14291,tsne,bert,0.87,0.7,0.53
14292,tsne,bert,0.87,0.68,0.52
14293,tsne,bert,0.88,0.72,0.54
14294,tsne,bert,0.88,0.72,0.53
14295,tsne,bert,0.87,0.69,0.52
14296,tsne,bert,0.88,0.71,0.54
14297,tsne,bert,0.88,0.72,0.54
14298,tsne,bert,0.88,0.71,0.54
14299,tsne,bert,0.87,0.7,0.53
14300,tsne,bert,0.88,0.71,0.52
14301,tsne,bert,0.88,0.71,0.52
14302,tsne,bert,0.88,0.71,0.54
14303,tsne,bert,0.88,0.71,0.53
14304,tsne,bert,0.88,0.72,0.54
14305,tsne,bert,0.88,0.72,0.54
14306,tsne,bert,0.88,0.72,0.54
14307,tsne,bert,0.88,0.71,0.54
14308,tsne,bert,0.87,0.68,0.52
14309,tsne,bert,0.86,0.67,0.51
14310,tsne,bert,0.87,0.69,0.52
14311,tsne,bert,0.88,0.7,0.53
14312,tsne,bert,0.88,0.71,0.54
14313,tsne,bert,0.89,0.72,0.54
14314,tsne,bert,0.88,0.7,0.53
14315,tsne,bert,0.88,0.7,0.53
14316,tsne,bert,0.87,0.69,0.52
14317,tsne,bert,0.88,0.71,0.54
14318,tsne,bert,0.88,0.71,0.53
14319,tsne,bert,0.88,0.71,0.54
14320,tsne,bert,0.88,0.7,0.54
14321,tsne,bert,0.88,0.71,0.54
14322,tsne,bert,0.88,0.72,0.54
14323,tsne,bert,0.88,0.72,0.54
14324,tsne,bert,0.89,0.72,0.54
14325,tsne,bert,0.87,0.72,0.53
14326,tsne,bert,0.87,0.68,0.52
14327,tsne,bert,0.87,0.7,0.53
14328,tsne,bert,0.88,0.72,0.54
14329,tsne,bert,0.88,0.71,0.53
14330,tsne,bert,0.88,0.7,0.54
14331,tsne,bert,0.87,0.7,0.53
14332,tsne,bert,0.88,0.72,0.54
14333,tsne,bert,0.88,0.71,0.54
14334,tsne,bert,0.88,0.7,0.53
14335,tsne,bert,0.88,0.69,0.52
14336,tsne,bert,0.89,0.72,0.54
14337,tsne,bert,0.89,0.72,0.54
14338,tsne,bert,0.88,0.72,0.54
14339,tsne,bert,0.87,0.69,0.52
14340,tsne,bert,0.88,0.71,0.54
14341,tsne,bert,0.87,0.69,0.52
14342,tsne,bert,0.85,0.67,0.51
14343,tsne,bert,0.88,0.71,0.54
14344,tsne,bert,0.88,0.71,0.54
14345,tsne,bert,0.89,0.72,0.53
14346,tsne,bert,0.88,0.72,0.54
14347,tsne,bert,0.89,0.72,0.54
14348,tsne,bert,0.87,0.69,0.52
14432,tsne,bert,0.87,0.71,0.54
14433,tsne,bert,0.87,0.72,0.54
14434,tsne,bert,0.87,0.71,0.53
14435,tsne,bert,0.87,0.72,0.54
14436,tsne,bert,0.87,0.73,0.54
14437,tsne,bert,0.87,0.72,0.54
14438,tsne,bert,0.87,0.72,0.53
14439,tsne,bert,0.85,0.69,0.52
14440,tsne,bert,0.85,0.69,0.53
14441,tsne,bert,0.87,0.72,0.54
14442,tsne,bert,0.85,0.7,0.53
14443,tsne,bert,0.87,0.73,0.53
14444,tsne,bert,0.87,0.72,0.53
14445,tsne,bert,0.86,0.72,0.53
14446,tsne,bert,0.86,0.7,0.52
14447,tsne,bert,0.86,0.69,0.53
14448,tsne,bert,0.87,0.73,0.54
14449,tsne,bert,0.87,0.73,0.54
14450,tsne,bert,0.87,0.72,0.54
14451,tsne,bert,0.87,0.73,0.53
14452,tsne,bert,0.87,0.72,0.54
14453,tsne,bert,0.86,0.71,0.52
14454,tsne,bert,0.87,0.71,0.53
14455,tsne,bert,0.87,0.73,0.54
14456,tsne,bert,0.85,0.69,0.53
14457,tsne,bert,0.87,0.72,0.54
14458,tsne,bert,0.84,0.68,0.52
14459,tsne,bert,0.86,0.7,0.52
14460,tsne,bert,0.88,0.73,0.54
14461,tsne,bert,0.87,0.73,0.54
14462,tsne,bert,0.87,0.74,0.54
14463,tsne,bert,0.85,0.69,0.53
14464,tsne,bert,0.86,0.72,0.52
14465,tsne,bert,0.88,0.73,0.54
14466,tsne,bert,0.88,0.73,0.53
14467,tsne,bert,0.86,0.71,0.53
14468,tsne,bert,0.87,0.72,0.53
14469,tsne,bert,0.87,0.74,0.53
14470,tsne,bert,0.87,0.73,0.53
14471,tsne,bert,0.88,0.73,0.53
14472,tsne,bert,0.86,0.71,0.52
14473,tsne,bert,0.87,0.72,0.54
14474,tsne,bert,0.86,0.71,0.52
14475,tsne,bert,0.87,0.72,0.53
14476,tsne,bert,0.87,0.72,0.52
14477,tsne,bert,0.86,0.71,0.52
14478,tsne,bert,0.85,0.69,0.5
14479,tsne,bert,0.87,0.71,0.53
14480,tsne,bert,0.87,0.71,0.54
14481,tsne,bert,0.87,0.73,0.54
14482,tsne,bert,0.88,0.73,0.53
14483,tsne,bert,0.85,0.69,0.53
14484,tsne,bert,0.87,0.72,0.53
14485,tsne,bert,0.84,0.68,0.52
14486,tsne,bert,0.88,0.73,0.54
14487,tsne,bert,0.87,0.73,0.54
14488,tsne,bert,0.86,0.71,0.52
14489,tsne,bert,0.87,0.72,0.53
14490,tsne,bert,0.87,0.71,0.54
14491,tsne,bert,0.88,0.73,0.54
14492,tsne,bert,0.87,0.73,0.54
14493,tsne,bert,0.85,0.69,0.53
14494,tsne,bert,0.88,0.73,0.54
14495,tsne,bert,0.88,0.72,0.54
14496,tsne,bert,0.87,0.73,0.53
14497,tsne,bert,0.87,0.72,0.54
14498,tsne,bert,0.88,0.73,0.54
14499,tsne,bert,0.87,0.72,0.53
14500,tsne,bert,0.88,0.73,0.54
14501,tsne,bert,0.87,0.72,0.53
14502,tsne,bert,0.88,0.73,0.54
14503,tsne,bert,0.87,0.72,0.54
14504,tsne,bert,0.87,0.72,0.53
14505,tsne,bert,0.86,0.74,0.53
14506,tsne,bert,0.87,0.73,0.53
14507,tsne,bert,0.87,0.73,0.55
14508,tsne,bert,0.85,0.69,0.52
14509,tsne,bert,0.87,0.72,0.53
14510,tsne,bert,0.87,0.73,0.55
14511,tsne,bert,0.87,0.72,0.54
14512,tsne,bert,0.87,0.73,0.55
14513,tsne,bert,0.87,0.73,0.55
14514,tsne,bert,0.87,0.72,0.54
14515,tsne,bert,0.86,0.7,0.52
14516,tsne,bert,0.87,0.71,0.54
14517,tsne,bert,0.87,0.72,0.54
14518,tsne,bert,0.86,0.69,0.53
14519,tsne,bert,0.84,0.68,0.52
14520,tsne,bert,0.85,0.69,0.53
14521,tsne,bert,0.88,0.73,0.54
14522,tsne,bert,0.87,0.73,0.54
14523,tsne,bert,0.87,0.73,0.52
14524,tsne,bert,0.85,0.67,0.5
14525,tsne,bert,0.87,0.72,0.54
14526,tsne,bert,0.87,0.72,0.53
14527,tsne,bert,0.87,0.73,0.55
14528,tsne,bert,0.87,0.72,0.52
14529,tsne,bert,0.87,0.72,0.53
14530,tsne,bert,0.88,0.73,0.53
14531,tsne,bert,0.87,0.73,0.53
14532,tsne,bert,0.87,0.72,0.53
14533,tsne,bert,0.84,0.68,0.52
14534,tsne,bert,0.87,0.73,0.54
14535,tsne,bert,0.86,0.73,0.54
14536,tsne,bert,0.87,0.73,0.54
14537,tsne,bert,0.88,0.73,0.54
14538,tsne,bert,0.85,0.69,0.53
14539,tsne,bert,0.87,0.72,0.53
14540,tsne,bert,0.87,0.72,0.54
14541,tsne,bert,0.85,0.69,0.5
14542,tsne,bert,0.87,0.72,0.54
14543,tsne,bert,0.85,0.69,0.52
14544,tsne,bert,0.85,0.7,0.53
14545,tsne,bert,0.87,0.72,0.53
14546,tsne,bert,0.86,0.69,0.53
14547,tsne,bert,0.88,0.72,0.54
14548,tsne,bert,0.87,0.72,0.54
14549,tsne,bert,0.87,0.73,0.53
14550,tsne,bert,0.86,0.7,0.52
14551,tsne,bert,0.88,0.73,0.53
14552,tsne,bert,0.86,0.69,0.52
14553,tsne,bert,0.87,0.73,0.53
14554,tsne,bert,0.87,0.72,0.54
14555,tsne,bert,0.87,0.73,0.54
14556,tsne,bert,0.87,0.72,0.53
14557,tsne,bert,0.85,0.67,0.51
14558,tsne,bert,0.87,0.73,0.53
14559,tsne,bert,0.86,0.69,0.53
14560,tsne,bert,0.87,0.73,0.53
14561,tsne,bert,0.88,0.73,0.54
14562,tsne,bert,0.87,0.72,0.54
14563,tsne,bert,0.87,0.72,0.53
14564,tsne,bert,0.87,0.72,0.54
14565,tsne,bert,0.87,0.73,0.54
14566,tsne,bert,0.87,0.72,0.54
14567,tsne,bert,0.87,0.73,0.54
14568,tsne,bert,0.87,0.73,0.53
14569,tsne,bert,0.86,0.71,0.53
14570,tsne,bert,0.88,0.72,0.54
14571,tsne,bert,0.85,0.69,0.52
14572,tsne,bert,0.86,0.69,0.53
14573,tsne,bert,0.87,0.72,0.54
14574,tsne,bert,0.86,0.69,0.53
14575,tsne,bert,0.87,0.73,0.53
17373,tsne,bert,0.97,0.77,0.22
17374,tsne,bert,0.97,0.79,0.23
17375,tsne,bert,0.97,0.79,0.23
17376,tsne,bert,0.97,0.75,0.23
17377,tsne,bert,0.97,0.77,0.23
17378,tsne,bert,0.97,0.78,0.22
17379,tsne,bert,0.97,0.79,0.23
17380,tsne,bert,0.97,0.76,0.23
17381,tsne,bert,0.97,0.78,0.23
17382,tsne,bert,0.97,0.78,0.22
17383,tsne,bert,0.97,0.72,0.23
17384,tsne,bert,0.97,0.75,0.23
17385,tsne,bert,0.97,0.78,0.22
17386,tsne,bert,0.97,0.76,0.23
17387,tsne,bert,0.97,0.73,0.23
17388,tsne,bert,0.97,0.78,0.22
17389,tsne,bert,0.97,0.77,0.24
17390,tsne,bert,0.97,0.77,0.23
17391,tsne,bert,0.97,0.78,0.23
17392,tsne,bert,0.97,0.78,0.22
17393,tsne,bert,0.97,0.78,0.25
17394,tsne,bert,0.97,0.78,0.23
17395,tsne,bert,0.97,0.79,0.23
17396,tsne,bert,0.97,0.78,0.23
17397,tsne,bert,0.97,0.72,0.22
17398,tsne,bert,0.97,0.78,0.22
17399,tsne,bert,0.97,0.78,0.23
17400,tsne,bert,0.97,0.75,0.23
17401,tsne,bert,0.97,0.77,0.25
17402,tsne,bert,0.97,0.73,0.23
17403,tsne,bert,0.97,0.78,0.23
17404,tsne,bert,0.97,0.78,0.23
17405,tsne,bert,0.97,0.77,0.22
17406,tsne,bert,0.97,0.78,0.22
17407,tsne,bert,0.97,0.75,0.23
17408,tsne,bert,0.97,0.77,0.23
17409,tsne,bert,0.97,0.72,0.23
17410,tsne,bert,0.97,0.74,0.23
17411,tsne,bert,0.97,0.76,0.23
17412,tsne,bert,0.97,0.75,0.23
17413,tsne,bert,0.97,0.76,0.22
17414,tsne,bert,0.97,0.73,0.22
17415,tsne,bert,0.97,0.78,0.23
17416,tsne,bert,0.97,0.76,0.23
17417,tsne,bert,0.97,0.79,0.23
17418,tsne,bert,0.97,0.79,0.22
17419,tsne,bert,0.97,0.77,0.23
17420,tsne,bert,0.97,0.79,0.22
17421,tsne,bert,0.97,0.78,0.23
17422,tsne,bert,0.97,0.77,0.23
17423,tsne,bert,0.97,0.76,0.23
17424,tsne,bert,0.97,0.78,0.28
17425,tsne,bert,0.97,0.76,0.23
17426,tsne,bert,0.97,0.78,0.22
17427,tsne,bert,0.97,0.78,0.23
17428,tsne,bert,0.97,0.78,0.23
17429,tsne,bert,0.97,0.78,0.23
17430,tsne,bert,0.97,0.77,0.23
17431,tsne,bert,0.97,0.75,0.22
17432,tsne,bert,0.97,0.78,0.23
17433,tsne,bert,0.97,0.79,0.23
17434,tsne,bert,0.97,0.76,0.24
17435,tsne,bert,0.97,0.77,0.24
17436,tsne,bert,0.97,0.78,0.22
17437,tsne,bert,0.97,0.77,0.23
17438,tsne,bert,0.97,0.77,0.22
17439,tsne,bert,0.97,0.79,0.23
17440,tsne,bert,0.97,0.77,0.22
17441,tsne,bert,0.97,0.76,0.22
17442,tsne,bert,0.97,0.78,0.22
17443,tsne,bert,0.97,0.77,0.23
17444,tsne,bert,0.97,0.76,0.23
17445,tsne,bert,0.97,0.75,0.25
17446,tsne,bert,0.97,0.75,0.24
17447,tsne,bert,0.97,0.76,0.23
17448,tsne,bert,0.97,0.78,0.23
17449,tsne,bert,0.97,0.78,0.23
17450,tsne,bert,0.97,0.77,0.23
17451,tsne,bert,0.97,0.74,0.23
17452,tsne,bert,0.97,0.74,0.25
17453,tsne,bert,0.97,0.77,0.22
17454,tsne,bert,0.97,0.79,0.23
17455,tsne,bert,0.97,0.79,0.23
17456,tsne,bert,0.97,0.77,0.23
17457,tsne,bert,0.97,0.78,0.23
17458,tsne,bert,0.97,0.79,0.23
17459,tsne,bert,0.97,0.78,0.23
17460,tsne,bert,0.97,0.75,0.25
17461,tsne,bert,0.97,0.78,0.23
17462,tsne,bert,0.97,0.78,0.24
17463,tsne,bert,0.97,0.74,0.23
17464,tsne,bert,0.97,0.78,0.23
17465,tsne,bert,0.97,0.76,0.23
17466,tsne,bert,0.97,0.77,0.22
17467,tsne,bert,0.97,0.79,0.22
17468,tsne,bert,0.97,0.77,0.26
17469,tsne,bert,0.97,0.78,0.26
17470,tsne,bert,0.97,0.74,0.24
17471,tsne,bert,0.97,0.78,0.23
17472,tsne,bert,0.97,0.78,0.26
17473,tsne,bert,0.97,0.74,0.23
17474,tsne,bert,0.97,0.73,0.23
17475,tsne,bert,0.97,0.77,0.22
17476,tsne,bert,0.97,0.78,0.22
17477,tsne,bert,0.97,0.79,0.23
17478,tsne,bert,0.97,0.79,0.23
17479,tsne,bert,0.97,0.75,0.22
17480,tsne,bert,0.97,0.78,0.23
17481,tsne,bert,0.97,0.76,0.23
17482,tsne,bert,0.97,0.78,0.22
17483,tsne,bert,0.97,0.74,0.23
17484,tsne,bert,0.97,0.76,0.23
17485,tsne,bert,0.97,0.78,0.23
17486,tsne,bert,0.97,0.75,0.25
17487,tsne,bert,0.97,0.77,0.23
17488,tsne,bert,0.97,0.79,0.23
17489,tsne,bert,0.97,0.78,0.24
17490,tsne,bert,0.97,0.77,0.23
17491,tsne,bert,0.97,0.77,0.23
17492,tsne,bert,0.97,0.73,0.23
17493,tsne,bert,0.97,0.76,0.23
17494,tsne,bert,0.97,0.76,0.22
17495,tsne,bert,0.97,0.75,0.24
17496,tsne,bert,0.97,0.77,0.22
17497,tsne,bert,0.97,0.73,0.23
17498,tsne,bert,0.97,0.79,0.26
17499,tsne,bert,0.97,0.76,0.22
17500,tsne,bert,0.97,0.78,0.22
17501,tsne,bert,0.97,0.75,0.22
17502,tsne,bert,0.97,0.78,0.22
17503,tsne,bert,0.97,0.78,0.23
17504,tsne,bert,0.97,0.75,0.22
17505,tsne,bert,0.97,0.75,0.25
17506,tsne,bert,0.97,0.75,0.22
17507,tsne,bert,0.97,0.78,0.22
17508,tsne,bert,0.97,0.75,0.23
17509,tsne,bert,0.97,0.78,0.23
17510,tsne,bert,0.97,0.78,0.24
17511,tsne,bert,0.97,0.79,0.23
17512,tsne,bert,0.97,0.76,0.22
17513,tsne,bert,0.97,0.79,0.23
17514,tsne,bert,0.97,0.78,0.22
17515,tsne,bert,0.97,0.75,0.24
17516,tsne,bert,0.97,0.76,0.23
17600,tsne,bert,0.97,0.78,0.23
17601,tsne,bert,0.97,0.79,0.22
17602,tsne,bert,0.97,0.78,0.23
17603,tsne,bert,0.97,0.78,0.24
17604,tsne,bert,0.97,0.78,0.23
17605,tsne,bert,0.97,0.78,0.23
17606,tsne,bert,0.96,0.76,0.23
17607,tsne,bert,0.97,0.78,0.23
17608,tsne,bert,0.97,0.78,0.23
17609,tsne,bert,0.96,0.74,0.23
17610,tsne,bert,0.96,0.76,0.23
17611,tsne,bert,0.97,0.78,0.23
17612,tsne,bert,0.97,0.78,0.22
17613,tsne,bert,0.97,0.77,0.23
17614,tsne,bert,0.96,0.77,0.23
17615,tsne,bert,0.96,0.76,0.23
17616,tsne,bert,0.97,0.78,0.23
17617,tsne,bert,0.97,0.78,0.22
17618,tsne,bert,0.97,0.78,0.23
17619,tsne,bert,0.97,0.77,0.22
17620,tsne,bert,0.97,0.78,0.22
17621,tsne,bert,0.96,0.74,0.23
17622,tsne,bert,0.97,0.78,0.24
17623,tsne,bert,0.97,0.78,0.27
17624,tsne,bert,0.97,0.78,0.23
17625,tsne,bert,0.97,0.78,0.23
17626,tsne,bert,0.97,0.78,0.22
17627,tsne,bert,0.97,0.78,0.22
17628,tsne,bert,0.97,0.78,0.22
17629,tsne,bert,0.97,0.78,0.23
17630,tsne,bert,0.96,0.75,0.22
17631,tsne,bert,0.97,0.78,0.22
17632,tsne,bert,0.96,0.76,0.22
17633,tsne,bert,0.97,0.78,0.23
17634,tsne,bert,0.96,0.74,0.23
17635,tsne,bert,0.96,0.76,0.23
17636,tsne,bert,0.97,0.78,0.22
17637,tsne,bert,0.96,0.77,0.22
17638,tsne,bert,0.97,0.78,0.23
17639,tsne,bert,0.97,0.78,0.23
17640,tsne,bert,0.97,0.78,0.23
17641,tsne,bert,0.97,0.78,0.22
17642,tsne,bert,0.97,0.78,0.23
17643,tsne,bert,0.97,0.78,0.24
17644,tsne,bert,0.96,0.74,0.27
17645,tsne,bert,0.97,0.77,0.23
17646,tsne,bert,0.97,0.78,0.24
17647,tsne,bert,0.97,0.78,0.23
17648,tsne,bert,0.97,0.78,0.22
17649,tsne,bert,0.96,0.74,0.23
17650,tsne,bert,0.97,0.78,0.23
17651,tsne,bert,0.97,0.78,0.24
17652,tsne,bert,0.97,0.78,0.23
17653,tsne,bert,0.97,0.78,0.22
17654,tsne,bert,0.97,0.78,0.23
17655,tsne,bert,0.97,0.78,0.24
17656,tsne,bert,0.96,0.76,0.23
17657,tsne,bert,0.97,0.78,0.24
17658,tsne,bert,0.96,0.74,0.23
17659,tsne,bert,0.97,0.78,0.23
17660,tsne,bert,0.97,0.78,0.23
17661,tsne,bert,0.97,0.78,0.24
17662,tsne,bert,0.97,0.78,0.23
17663,tsne,bert,0.97,0.78,0.26
17664,tsne,bert,0.97,0.78,0.23
17665,tsne,bert,0.97,0.78,0.23
17666,tsne,bert,0.97,0.78,0.23
17667,tsne,bert,0.97,0.77,0.23
17668,tsne,bert,0.97,0.78,0.22
17669,tsne,bert,0.97,0.78,0.23
17670,tsne,bert,0.97,0.78,0.23
17671,tsne,bert,0.96,0.76,0.23
17672,tsne,bert,0.97,0.78,0.23
17673,tsne,bert,0.97,0.78,0.22
17674,tsne,bert,0.96,0.75,0.23
17675,tsne,bert,0.97,0.78,0.22
17676,tsne,bert,0.97,0.78,0.22
17677,tsne,bert,0.97,0.78,0.22
17678,tsne,bert,0.97,0.78,0.22
17679,tsne,bert,0.97,0.77,0.22
17680,tsne,bert,0.97,0.78,0.23
17681,tsne,bert,0.97,0.78,0.23
17682,tsne,bert,0.97,0.78,0.23
17683,tsne,bert,0.97,0.78,0.22
17684,tsne,bert,0.97,0.78,0.23
17685,tsne,bert,0.97,0.78,0.22
17686,tsne,bert,0.97,0.78,0.22
17687,tsne,bert,0.97,0.78,0.23
17688,tsne,bert,0.96,0.76,0.23
17689,tsne,bert,0.97,0.77,0.22
17690,tsne,bert,0.97,0.78,0.23
17691,tsne,bert,0.97,0.78,0.22
17692,tsne,bert,0.97,0.78,0.23
17693,tsne,bert,0.96,0.76,0.23
17694,tsne,bert,0.97,0.78,0.23
17695,tsne,bert,0.97,0.78,0.23
17696,tsne,bert,0.96,0.74,0.23
17697,tsne,bert,0.97,0.78,0.23
17698,tsne,bert,0.97,0.78,0.23
17699,tsne,bert,0.97,0.78,0.23
17700,tsne,bert,0.97,0.78,0.23
17701,tsne,bert,0.97,0.78,0.22
17702,tsne,bert,0.97,0.78,0.23
17703,tsne,bert,0.97,0.78,0.22
17704,tsne,bert,0.97,0.78,0.22
17705,tsne,bert,0.97,0.78,0.23
17706,tsne,bert,0.97,0.78,0.25
17707,tsne,bert,0.97,0.78,0.22
17708,tsne,bert,0.97,0.78,0.22
17709,tsne,bert,0.97,0.78,0.23
17710,tsne,bert,0.97,0.78,0.23
17711,tsne,bert,0.97,0.78,0.23
17712,tsne,bert,0.96,0.75,0.23
17713,tsne,bert,0.97,0.78,0.23
17714,tsne,bert,0.97,0.78,0.23
17715,tsne,bert,0.97,0.78,0.23
17716,tsne,bert,0.97,0.78,0.23
17717,tsne,bert,0.97,0.77,0.23
17718,tsne,bert,0.97,0.78,0.22
17719,tsne,bert,0.97,0.78,0.23
17720,tsne,bert,0.97,0.78,0.22
17721,tsne,bert,0.97,0.78,0.23
17722,tsne,bert,0.97,0.78,0.22
17723,tsne,bert,0.97,0.78,0.23
17724,tsne,bert,0.97,0.78,0.22
17725,tsne,bert,0.96,0.74,0.23
17726,tsne,bert,0.97,0.78,0.24
17727,tsne,bert,0.97,0.78,0.23
17728,tsne,bert,0.97,0.78,0.24
17729,tsne,bert,0.97,0.78,0.22
17730,tsne,bert,0.96,0.77,0.23
17731,tsne,bert,0.97,0.78,0.22
17732,tsne,bert,0.97,0.78,0.22
17733,tsne,bert,0.97,0.78,0.26
17734,tsne,bert,0.97,0.78,0.23
17735,tsne,bert,0.97,0.78,0.23
17736,tsne,bert,0.97,0.78,0.23
17737,tsne,bert,0.96,0.75,0.23
17738,tsne,bert,0.97,0.78,0.23
17739,tsne,bert,0.97,0.78,0.26
17740,tsne,bert,0.97,0.78,0.22
17741,tsne,bert,0.97,0.78,0.23
17742,tsne,bert,0.97,0.78,0.23
17743,tsne,bert,0.97,0.78,0.23
17827,tsne,bert,0.97,0.78,0.23
17828,tsne,bert,0.97,0.78,0.23
17829,tsne,bert,0.97,0.79,0.23
17830,tsne,bert,0.97,0.76,0.23
17831,tsne,bert,0.97,0.78,0.22
17832,tsne,bert,0.97,0.79,0.22
17833,tsne,bert,0.97,0.78,0.24
17834,tsne,bert,0.97,0.78,0.23
17835,tsne,bert,0.97,0.78,0.27
17836,tsne,bert,0.97,0.76,0.23
17837,tsne,bert,0.97,0.78,0.23
17838,tsne,bert,0.97,0.78,0.22
17839,tsne,bert,0.97,0.78,0.22
17840,tsne,bert,0.97,0.74,0.23
17841,tsne,bert,0.97,0.78,0.22
17842,tsne,bert,0.97,0.78,0.23
17843,tsne,bert,0.97,0.78,0.23
17844,tsne,bert,0.97,0.79,0.23
17845,tsne,bert,0.97,0.79,0.23
17846,tsne,bert,0.97,0.78,0.22
17847,tsne,bert,0.97,0.72,0.23
17848,tsne,bert,0.97,0.79,0.22
17849,tsne,bert,0.97,0.79,0.22
17850,tsne,bert,0.97,0.78,0.23
17851,tsne,bert,0.97,0.78,0.23
17852,tsne,bert,0.97,0.78,0.23
17853,tsne,bert,0.97,0.78,0.24
17854,tsne,bert,0.97,0.78,0.23
17855,tsne,bert,0.97,0.79,0.22
17856,tsne,bert,0.97,0.78,0.23
17857,tsne,bert,0.97,0.78,0.23
17858,tsne,bert,0.97,0.78,0.23
17859,tsne,bert,0.97,0.79,0.23
17860,tsne,bert,0.97,0.78,0.22
17861,tsne,bert,0.97,0.79,0.23
17862,tsne,bert,0.97,0.79,0.22
17863,tsne,bert,0.97,0.76,0.23
17864,tsne,bert,0.97,0.78,0.23
17865,tsne,bert,0.97,0.71,0.26
17866,tsne,bert,0.97,0.78,0.22
17867,tsne,bert,0.97,0.78,0.23
17868,tsne,bert,0.97,0.79,0.23
17869,tsne,bert,0.97,0.78,0.23
17870,tsne,bert,0.97,0.76,0.23
17871,tsne,bert,0.97,0.78,0.23
17872,tsne,bert,0.97,0.79,0.23
17873,tsne,bert,0.97,0.77,0.23
17874,tsne,bert,0.97,0.74,0.23
17875,tsne,bert,0.97,0.78,0.24
17876,tsne,bert,0.97,0.78,0.22
17877,tsne,bert,0.97,0.79,0.23
17878,tsne,bert,0.97,0.79,0.23
17879,tsne,bert,0.97,0.77,0.23
17880,tsne,bert,0.97,0.79,0.23
17881,tsne,bert,0.97,0.78,0.23
17882,tsne,bert,0.97,0.78,0.23
17883,tsne,bert,0.97,0.78,0.22
17884,tsne,bert,0.97,0.78,0.23
17885,tsne,bert,0.97,0.78,0.23
17886,tsne,bert,0.97,0.78,0.22
17887,tsne,bert,0.97,0.79,0.23
17888,tsne,bert,0.97,0.78,0.24
17889,tsne,bert,0.97,0.76,0.23
17890,tsne,bert,0.97,0.78,0.22
17891,tsne,bert,0.97,0.78,0.23
17892,tsne,bert,0.97,0.78,0.23
17893,tsne,bert,0.97,0.76,0.22
17894,tsne,bert,0.97,0.78,0.22
17895,tsne,bert,0.97,0.79,0.22
17896,tsne,bert,0.97,0.73,0.22
17897,tsne,bert,0.97,0.75,0.22
17898,tsne,bert,0.97,0.79,0.23
17899,tsne,bert,0.97,0.74,0.22
17900,tsne,bert,0.97,0.78,0.22
17901,tsne,bert,0.97,0.77,0.22
17902,tsne,bert,0.97,0.75,0.23
17903,tsne,bert,0.97,0.78,0.23
17904,tsne,bert,0.97,0.78,0.22
17905,tsne,bert,0.97,0.74,0.22
17906,tsne,bert,0.97,0.78,0.22
17907,tsne,bert,0.97,0.77,0.23
17908,tsne,bert,0.97,0.76,0.23
17909,tsne,bert,0.97,0.79,0.26
17910,tsne,bert,0.97,0.73,0.23
17911,tsne,bert,0.97,0.79,0.24
17912,tsne,bert,0.97,0.78,0.23
17913,tsne,bert,0.97,0.74,0.23
17914,tsne,bert,0.97,0.74,0.23
17915,tsne,bert,0.97,0.78,0.23
17916,tsne,bert,0.97,0.78,0.22
17917,tsne,bert,0.97,0.78,0.23
17918,tsne,bert,0.97,0.78,0.23
17919,tsne,bert,0.97,0.78,0.23
17920,tsne,bert,0.97,0.78,0.3
17921,tsne,bert,0.97,0.78,0.23
17922,tsne,bert,0.97,0.78,0.22
17923,tsne,bert,0.97,0.79,0.23
17924,tsne,bert,0.97,0.74,0.23
17925,tsne,bert,0.97,0.79,0.23
17926,tsne,bert,0.97,0.78,0.23
17927,tsne,bert,0.97,0.75,0.23
17928,tsne,bert,0.97,0.77,0.23
17929,tsne,bert,0.97,0.78,0.23
17930,tsne,bert,0.97,0.78,0.28
17931,tsne,bert,0.97,0.78,0.22
17932,tsne,bert,0.97,0.78,0.23
17933,tsne,bert,0.97,0.76,0.23
17934,tsne,bert,0.97,0.74,0.23
17935,tsne,bert,0.97,0.78,0.24
17936,tsne,bert,0.97,0.79,0.22
17937,tsne,bert,0.97,0.72,0.24
17938,tsne,bert,0.97,0.73,0.22
17939,tsne,bert,0.97,0.74,0.23
17940,tsne,bert,0.97,0.79,0.23
17941,tsne,bert,0.97,0.78,0.23
17942,tsne,bert,0.97,0.78,0.22
17943,tsne,bert,0.97,0.79,0.27
17944,tsne,bert,0.97,0.77,0.23
17945,tsne,bert,0.97,0.78,0.23
17946,tsne,bert,0.97,0.74,0.24
17947,tsne,bert,0.97,0.78,0.23
17948,tsne,bert,0.97,0.78,0.27
17949,tsne,bert,0.97,0.79,0.23
17950,tsne,bert,0.97,0.79,0.23
17951,tsne,bert,0.97,0.74,0.22
17952,tsne,bert,0.97,0.79,0.23
17953,tsne,bert,0.97,0.79,0.22
17954,tsne,bert,0.97,0.78,0.23
17955,tsne,bert,0.97,0.72,0.22
17956,tsne,bert,0.97,0.77,0.22
17957,tsne,bert,0.97,0.78,0.23
17958,tsne,bert,0.97,0.78,0.22
17959,tsne,bert,0.97,0.78,0.22
17960,tsne,bert,0.97,0.78,0.24
17961,tsne,bert,0.97,0.78,0.22
17962,tsne,bert,0.97,0.78,0.22
17963,tsne,bert,0.97,0.76,0.23
17964,tsne,bert,0.97,0.78,0.23
17965,tsne,bert,0.97,0.78,0.22
17966,tsne,bert,0.97,0.79,0.22
17967,tsne,bert,0.97,0.78,0.23
17968,tsne,bert,0.97,0.78,0.23
17969,tsne,bert,0.97,0.79,0.25
17970,tsne,bert,0.97,0.76,0.23
18054,tsne,bert,0.97,0.78,0.22
18055,tsne,bert,0.97,0.75,0.22
18056,tsne,bert,0.97,0.78,0.22
18057,tsne,bert,0.97,0.77,0.23
18058,tsne,bert,0.97,0.77,0.22
18059,tsne,bert,0.97,0.78,0.23
18060,tsne,bert,0.97,0.75,0.23
18061,tsne,bert,0.97,0.74,0.22
18062,tsne,bert,0.96,0.73,0.24
18063,tsne,bert,0.97,0.79,0.23
18064,tsne,bert,0.97,0.78,0.23
18065,tsne,bert,0.97,0.77,0.22
18066,tsne,bert,0.97,0.78,0.23
18067,tsne,bert,0.97,0.78,0.22
18068,tsne,bert,0.97,0.78,0.23
18069,tsne,bert,0.97,0.74,0.22
18070,tsne,bert,0.97,0.78,0.26
18071,tsne,bert,0.97,0.79,0.22
18072,tsne,bert,0.97,0.79,0.23
18073,tsne,bert,0.97,0.79,0.24
18074,tsne,bert,0.97,0.77,0.23
18075,tsne,bert,0.97,0.76,0.23
18076,tsne,bert,0.97,0.79,0.22
18077,tsne,bert,0.97,0.79,0.22
18078,tsne,bert,0.96,0.73,0.23
18079,tsne,bert,0.97,0.79,0.22
18080,tsne,bert,0.97,0.79,0.23
18081,tsne,bert,0.97,0.75,0.23
18082,tsne,bert,0.97,0.79,0.22
18083,tsne,bert,0.97,0.76,0.22
18084,tsne,bert,0.97,0.75,0.23
18085,tsne,bert,0.97,0.73,0.22
18086,tsne,bert,0.97,0.78,0.22
18087,tsne,bert,0.96,0.73,0.22
18088,tsne,bert,0.97,0.75,0.24
18089,tsne,bert,0.96,0.75,0.22
18090,tsne,bert,0.97,0.77,0.23
18091,tsne,bert,0.97,0.79,0.22
18092,tsne,bert,0.97,0.76,0.22
18093,tsne,bert,0.97,0.78,0.27
18094,tsne,bert,0.96,0.73,0.22
18095,tsne,bert,0.97,0.79,0.27
18096,tsne,bert,0.97,0.78,0.23
18097,tsne,bert,0.97,0.79,0.22
18098,tsne,bert,0.97,0.76,0.23
18099,tsne,bert,0.97,0.79,0.23
18100,tsne,bert,0.97,0.78,0.22
18101,tsne,bert,0.96,0.74,0.23
18102,tsne,bert,0.97,0.79,0.23
18103,tsne,bert,0.97,0.79,0.23
18104,tsne,bert,0.97,0.78,0.23
18105,tsne,bert,0.97,0.79,0.22
18106,tsne,bert,0.97,0.76,0.23
18107,tsne,bert,0.97,0.77,0.22
18108,tsne,bert,0.97,0.79,0.22
18109,tsne,bert,0.97,0.76,0.23
18110,tsne,bert,0.97,0.79,0.22
18111,tsne,bert,0.96,0.73,0.23
18112,tsne,bert,0.97,0.77,0.22
18113,tsne,bert,0.97,0.75,0.23
18114,tsne,bert,0.97,0.75,0.23
18115,tsne,bert,0.97,0.78,0.22
18116,tsne,bert,0.97,0.79,0.22
18117,tsne,bert,0.96,0.73,0.22
18118,tsne,bert,0.97,0.79,0.23
18119,tsne,bert,0.97,0.78,0.22
18120,tsne,bert,0.97,0.79,0.23
18121,tsne,bert,0.97,0.78,0.24
18122,tsne,bert,0.97,0.79,0.22
18123,tsne,bert,0.97,0.78,0.23
18124,tsne,bert,0.97,0.79,0.25
18125,tsne,bert,0.97,0.78,0.23
18126,tsne,bert,0.97,0.78,0.22
18127,tsne,bert,0.97,0.79,0.22
18128,tsne,bert,0.96,0.73,0.22
18129,tsne,bert,0.97,0.74,0.24
18130,tsne,bert,0.96,0.73,0.23
18131,tsne,bert,0.97,0.77,0.23
18132,tsne,bert,0.97,0.79,0.23
18133,tsne,bert,0.97,0.76,0.24
18134,tsne,bert,0.97,0.77,0.22
18135,tsne,bert,0.96,0.73,0.22
18136,tsne,bert,0.97,0.78,0.22
18137,tsne,bert,0.97,0.75,0.23
18138,tsne,bert,0.96,0.73,0.23
18139,tsne,bert,0.97,0.79,0.22
18140,tsne,bert,0.97,0.78,0.23
18141,tsne,bert,0.97,0.78,0.23
18142,tsne,bert,0.97,0.78,0.23
18143,tsne,bert,0.97,0.78,0.23
18144,tsne,bert,0.97,0.79,0.23
18145,tsne,bert,0.97,0.79,0.23
18146,tsne,bert,0.97,0.79,0.24
18147,tsne,bert,0.97,0.77,0.23
18148,tsne,bert,0.97,0.79,0.22
18149,tsne,bert,0.97,0.77,0.24
18150,tsne,bert,0.97,0.79,0.22
18151,tsne,bert,0.97,0.79,0.24
18152,tsne,bert,0.96,0.71,0.23
18153,tsne,bert,0.96,0.71,0.22
18154,tsne,bert,0.96,0.75,0.23
18155,tsne,bert,0.97,0.77,0.23
18156,tsne,bert,0.97,0.78,0.23
18157,tsne,bert,0.97,0.78,0.26
18158,tsne,bert,0.96,0.74,0.23
18159,tsne,bert,0.97,0.79,0.22
18160,tsne,bert,0.97,0.74,0.22
18161,tsne,bert,0.97,0.78,0.22
18162,tsne,bert,0.97,0.79,0.22
18163,tsne,bert,0.97,0.78,0.23
18164,tsne,bert,0.97,0.79,0.23
18165,tsne,bert,0.97,0.79,0.22
18166,tsne,bert,0.97,0.79,0.22
18167,tsne,bert,0.97,0.79,0.22
18168,tsne,bert,0.97,0.78,0.23
18169,tsne,bert,0.97,0.77,0.22
18170,tsne,bert,0.97,0.78,0.22
18171,tsne,bert,0.97,0.77,0.23
18172,tsne,bert,0.97,0.79,0.25
18173,tsne,bert,0.97,0.79,0.23
18174,tsne,bert,0.97,0.77,0.23
18175,tsne,bert,0.97,0.79,0.22
18176,tsne,bert,0.96,0.72,0.22
18177,tsne,bert,0.97,0.79,0.23
18178,tsne,bert,0.97,0.78,0.23
18179,tsne,bert,0.97,0.76,0.22
18180,tsne,bert,0.96,0.72,0.23
18181,tsne,bert,0.97,0.77,0.22
18182,tsne,bert,0.97,0.79,0.23
18183,tsne,bert,0.97,0.78,0.24
18184,tsne,bert,0.96,0.73,0.22
18185,tsne,bert,0.97,0.79,0.23
18186,tsne,bert,0.97,0.74,0.22
18187,tsne,bert,0.96,0.74,0.22
18188,tsne,bert,0.97,0.78,0.22
18189,tsne,bert,0.97,0.78,0.23
18190,tsne,bert,0.97,0.78,0.23
18191,tsne,bert,0.96,0.72,0.23
18192,tsne,bert,0.97,0.78,0.23
18193,tsne,bert,0.97,0.79,0.23
18194,tsne,bert,0.97,0.79,0.23
18195,tsne,bert,0.97,0.79,0.23
18196,tsne,bert,0.96,0.73,0.24
18197,tsne,bert,0.97,0.79,0.23
18281,tsne,bert,0.97,0.75,0.23
18282,tsne,bert,0.96,0.71,0.23
18283,tsne,bert,0.97,0.75,0.22
18284,tsne,bert,0.96,0.71,0.22
18285,tsne,bert,0.96,0.67,0.23
18286,tsne,bert,0.96,0.75,0.23
18287,tsne,bert,0.96,0.73,0.22
18288,tsne,bert,0.96,0.75,0.25
18289,tsne,bert,0.96,0.75,0.23
18290,tsne,bert,0.97,0.75,0.23
18291,tsne,bert,0.97,0.75,0.25
18292,tsne,bert,0.97,0.75,0.23
18293,tsne,bert,0.95,0.67,0.22
18294,tsne,bert,0.96,0.71,0.23
18295,tsne,bert,0.97,0.75,0.23
18296,tsne,bert,0.97,0.75,0.23
18297,tsne,bert,0.96,0.7,0.23
18298,tsne,bert,0.97,0.75,0.23
18299,tsne,bert,0.96,0.69,0.22
18300,tsne,bert,0.97,0.75,0.25
18301,tsne,bert,0.97,0.75,0.22
18302,tsne,bert,0.96,0.68,0.22
18303,tsne,bert,0.97,0.74,0.23
18304,tsne,bert,0.97,0.75,0.24
18305,tsne,bert,0.97,0.75,0.23
18306,tsne,bert,0.97,0.75,0.22
18307,tsne,bert,0.95,0.67,0.23
18308,tsne,bert,0.97,0.75,0.22
18309,tsne,bert,0.96,0.68,0.23
18310,tsne,bert,0.97,0.75,0.23
18311,tsne,bert,0.97,0.75,0.22
18312,tsne,bert,0.96,0.73,0.26
18313,tsne,bert,0.97,0.75,0.22
18314,tsne,bert,0.96,0.74,0.23
18315,tsne,bert,0.96,0.68,0.22
18316,tsne,bert,0.97,0.75,0.22
18317,tsne,bert,0.96,0.73,0.23
18318,tsne,bert,0.97,0.75,0.22
18319,tsne,bert,0.96,0.72,0.25
18320,tsne,bert,0.96,0.68,0.22
18321,tsne,bert,0.97,0.75,0.24
18322,tsne,bert,0.96,0.74,0.23
18323,tsne,bert,0.96,0.71,0.23
18324,tsne,bert,0.96,0.73,0.23
18325,tsne,bert,0.96,0.71,0.24
18326,tsne,bert,0.97,0.75,0.22
18327,tsne,bert,0.96,0.74,0.23
18328,tsne,bert,0.97,0.75,0.22
18329,tsne,bert,0.96,0.75,0.24
18330,tsne,bert,0.97,0.75,0.22
18331,tsne,bert,0.96,0.72,0.22
18332,tsne,bert,0.97,0.75,0.23
18333,tsne,bert,0.97,0.75,0.23
18334,tsne,bert,0.96,0.69,0.24
18335,tsne,bert,0.96,0.75,0.23
18336,tsne,bert,0.97,0.74,0.22
18337,tsne,bert,0.96,0.75,0.23
18338,tsne,bert,0.96,0.71,0.23
18339,tsne,bert,0.97,0.75,0.22
18340,tsne,bert,0.96,0.74,0.23
18341,tsne,bert,0.97,0.75,0.22
18342,tsne,bert,0.96,0.72,0.22
18343,tsne,bert,0.97,0.75,0.22
18344,tsne,bert,0.97,0.75,0.23
18345,tsne,bert,0.95,0.66,0.23
18346,tsne,bert,0.96,0.73,0.22
18347,tsne,bert,0.97,0.75,0.23
18348,tsne,bert,0.96,0.72,0.23
18349,tsne,bert,0.97,0.75,0.23
18350,tsne,bert,0.97,0.75,0.22
18351,tsne,bert,0.97,0.75,0.23
18352,tsne,bert,0.96,0.74,0.22
18353,tsne,bert,0.96,0.69,0.23
18354,tsne,bert,0.97,0.75,0.23
18355,tsne,bert,0.96,0.73,0.22
18356,tsne,bert,0.96,0.72,0.22
18357,tsne,bert,0.97,0.75,0.22
18358,tsne,bert,0.96,0.74,0.23
18359,tsne,bert,0.97,0.75,0.23
18360,tsne,bert,0.97,0.75,0.23
18361,tsne,bert,0.96,0.73,0.23
18362,tsne,bert,0.97,0.75,0.23
18363,tsne,bert,0.97,0.75,0.23
18364,tsne,bert,0.97,0.75,0.23
18365,tsne,bert,0.96,0.75,0.26
18366,tsne,bert,0.96,0.72,0.23
18367,tsne,bert,0.97,0.75,0.23
18368,tsne,bert,0.96,0.72,0.22
18369,tsne,bert,0.97,0.75,0.22
18370,tsne,bert,0.96,0.75,0.24
18371,tsne,bert,0.97,0.75,0.23
18372,tsne,bert,0.97,0.75,0.22
18373,tsne,bert,0.96,0.74,0.22
18374,tsne,bert,0.97,0.75,0.23
18375,tsne,bert,0.97,0.75,0.23
18376,tsne,bert,0.95,0.67,0.23
18377,tsne,bert,0.97,0.75,0.23
18378,tsne,bert,0.96,0.71,0.23
18379,tsne,bert,0.96,0.74,0.23
18380,tsne,bert,0.97,0.75,0.23
18381,tsne,bert,0.97,0.75,0.22
18382,tsne,bert,0.97,0.75,0.23
18383,tsne,bert,0.96,0.75,0.23
18384,tsne,bert,0.96,0.75,0.22
18385,tsne,bert,0.97,0.75,0.23
18386,tsne,bert,0.97,0.75,0.25
18387,tsne,bert,0.96,0.72,0.23
18388,tsne,bert,0.96,0.74,0.23
18389,tsne,bert,0.97,0.75,0.22
18390,tsne,bert,0.96,0.72,0.23
18391,tsne,bert,0.97,0.75,0.25
18392,tsne,bert,0.97,0.75,0.22
18393,tsne,bert,0.96,0.72,0.23
18394,tsne,bert,0.97,0.75,0.23
18395,tsne,bert,0.96,0.72,0.22
18396,tsne,bert,0.97,0.75,0.23
18397,tsne,bert,0.96,0.74,0.23
18398,tsne,bert,0.97,0.75,0.28
18399,tsne,bert,0.96,0.71,0.23
18400,tsne,bert,0.96,0.74,0.24
18401,tsne,bert,0.97,0.75,0.22
18402,tsne,bert,0.97,0.73,0.23
18403,tsne,bert,0.97,0.75,0.23
18404,tsne,bert,0.97,0.75,0.22
18405,tsne,bert,0.96,0.74,0.23
18406,tsne,bert,0.97,0.75,0.23
18407,tsne,bert,0.96,0.71,0.24
18408,tsne,bert,0.97,0.75,0.22
18409,tsne,bert,0.97,0.75,0.22
18410,tsne,bert,0.97,0.75,0.22
18411,tsne,bert,0.97,0.75,0.22
18412,tsne,bert,0.97,0.75,0.23
18413,tsne,bert,0.96,0.72,0.24
18414,tsne,bert,0.96,0.72,0.23
18415,tsne,bert,0.97,0.75,0.23
18416,tsne,bert,0.97,0.75,0.28
18417,tsne,bert,0.97,0.75,0.23
18418,tsne,bert,0.96,0.73,0.25
18419,tsne,bert,0.97,0.75,0.22
18420,tsne,bert,0.96,0.72,0.24
18421,tsne,bert,0.97,0.75,0.22
18422,tsne,bert,0.96,0.72,0.26
18423,tsne,bert,0.97,0.75,0.25
18424,tsne,bert,0.97,0.75,0.24
21157,tsne,bert,0.99,0.71,0.63
21158,tsne,bert,0.99,0.72,0.67
21159,tsne,bert,0.99,0.68,0.66
21160,tsne,bert,0.99,0.68,0.67
21161,tsne,bert,0.99,0.69,0.64
21162,tsne,bert,0.99,0.68,0.65
21163,tsne,bert,0.99,0.68,0.68
21164,tsne,bert,0.99,0.67,0.68
21165,tsne,bert,0.99,0.65,0.63
21166,tsne,bert,0.99,0.67,0.68
21167,tsne,bert,0.99,0.64,0.64
21168,tsne,bert,0.99,0.63,0.63
21169,tsne,bert,0.99,0.71,0.67
21170,tsne,bert,0.99,0.71,0.65
21171,tsne,bert,0.99,0.68,0.68
21172,tsne,bert,0.99,0.6,0.58
21173,tsne,bert,0.99,0.68,0.62
21174,tsne,bert,0.99,0.69,0.65
21175,tsne,bert,0.99,0.7,0.67
21176,tsne,bert,0.99,0.61,0.57
21177,tsne,bert,0.99,0.7,0.63
21178,tsne,bert,0.99,0.7,0.67
21179,tsne,bert,0.99,0.67,0.67
21180,tsne,bert,0.99,0.68,0.67
21181,tsne,bert,0.99,0.68,0.68
21182,tsne,bert,0.99,0.66,0.65
21183,tsne,bert,0.99,0.67,0.68
21184,tsne,bert,0.99,0.65,0.62
21185,tsne,bert,0.99,0.69,0.54
21186,tsne,bert,0.99,0.67,0.67
21187,tsne,bert,0.99,0.7,0.63
21188,tsne,bert,0.99,0.67,0.65
21189,tsne,bert,0.99,0.67,0.66
21190,tsne,bert,0.99,0.71,0.66
21191,tsne,bert,0.99,0.7,0.64
21192,tsne,bert,0.99,0.7,0.63
21193,tsne,bert,0.99,0.68,0.67
21194,tsne,bert,0.99,0.69,0.65
21195,tsne,bert,0.99,0.68,0.68
21196,tsne,bert,0.99,0.68,0.67
21197,tsne,bert,0.99,0.71,0.66
21198,tsne,bert,0.99,0.6,0.55
21199,tsne,bert,0.99,0.67,0.66
21200,tsne,bert,0.99,0.69,0.66
21201,tsne,bert,0.99,0.69,0.65
21202,tsne,bert,0.99,0.68,0.67
21203,tsne,bert,0.99,0.72,0.67
21204,tsne,bert,0.99,0.7,0.67
21205,tsne,bert,0.99,0.7,0.67
21206,tsne,bert,0.99,0.67,0.6
21207,tsne,bert,0.99,0.7,0.64
21208,tsne,bert,0.99,0.7,0.65
21209,tsne,bert,0.99,0.7,0.58
21210,tsne,bert,0.99,0.67,0.69
21211,tsne,bert,0.99,0.63,0.64
21212,tsne,bert,0.99,0.67,0.69
21213,tsne,bert,0.99,0.6,0.57
21214,tsne,bert,0.99,0.68,0.67
21215,tsne,bert,0.99,0.71,0.67
21216,tsne,bert,0.99,0.7,0.65
21217,tsne,bert,0.99,0.7,0.64
21218,tsne,bert,0.99,0.7,0.63
21219,tsne,bert,0.99,0.7,0.67
21220,tsne,bert,0.99,0.69,0.67
21221,tsne,bert,0.99,0.69,0.64
21222,tsne,bert,0.99,0.61,0.57
21223,tsne,bert,0.99,0.71,0.64
21224,tsne,bert,0.99,0.67,0.65
21225,tsne,bert,0.99,0.7,0.64
21226,tsne,bert,0.99,0.67,0.67
21227,tsne,bert,0.99,0.67,0.65
21228,tsne,bert,0.99,0.7,0.64
21229,tsne,bert,0.99,0.71,0.66
21230,tsne,bert,0.99,0.68,0.63
21231,tsne,bert,0.99,0.61,0.57
21232,tsne,bert,0.99,0.71,0.67
21233,tsne,bert,0.99,0.7,0.64
21234,tsne,bert,0.99,0.7,0.64
21235,tsne,bert,0.99,0.71,0.66
21236,tsne,bert,0.99,0.68,0.67
21237,tsne,bert,0.99,0.67,0.66
21238,tsne,bert,0.99,0.65,0.65
21239,tsne,bert,0.99,0.7,0.65
21240,tsne,bert,0.99,0.72,0.65
21241,tsne,bert,0.99,0.67,0.68
21242,tsne,bert,0.99,0.68,0.68
21243,tsne,bert,0.99,0.68,0.68
21244,tsne,bert,0.99,0.68,0.67
21245,tsne,bert,0.99,0.71,0.68
21246,tsne,bert,0.99,0.7,0.67
21247,tsne,bert,0.99,0.67,0.69
21248,tsne,bert,0.99,0.67,0.68
21249,tsne,bert,0.99,0.7,0.58
21250,tsne,bert,0.99,0.7,0.64
21251,tsne,bert,0.99,0.64,0.63
21252,tsne,bert,0.99,0.7,0.63
21253,tsne,bert,0.99,0.67,0.67
21254,tsne,bert,0.99,0.69,0.64
21255,tsne,bert,0.99,0.67,0.66
21256,tsne,bert,0.99,0.67,0.66
21257,tsne,bert,0.99,0.6,0.59
21258,tsne,bert,0.99,0.61,0.54
21259,tsne,bert,0.99,0.67,0.68
21260,tsne,bert,0.99,0.69,0.65
21261,tsne,bert,0.99,0.71,0.65
21262,tsne,bert,0.99,0.68,0.61
21263,tsne,bert,0.99,0.71,0.65
21264,tsne,bert,0.99,0.69,0.54
21265,tsne,bert,0.99,0.61,0.57
21266,tsne,bert,0.99,0.68,0.67
21267,tsne,bert,0.99,0.67,0.67
21268,tsne,bert,0.99,0.7,0.66
21269,tsne,bert,0.99,0.71,0.65
21270,tsne,bert,0.99,0.65,0.62
21271,tsne,bert,0.99,0.68,0.68
21272,tsne,bert,0.99,0.69,0.64
21273,tsne,bert,0.99,0.6,0.58
21274,tsne,bert,0.99,0.7,0.64
21275,tsne,bert,0.99,0.7,0.67
21276,tsne,bert,0.99,0.71,0.64
21277,tsne,bert,0.99,0.69,0.65
21278,tsne,bert,0.99,0.63,0.64
21279,tsne,bert,0.99,0.65,0.62
21280,tsne,bert,0.99,0.6,0.58
21281,tsne,bert,0.99,0.61,0.57
21282,tsne,bert,0.99,0.61,0.58
21283,tsne,bert,0.99,0.68,0.68
21284,tsne,bert,0.99,0.68,0.64
21285,tsne,bert,0.99,0.61,0.54
21286,tsne,bert,0.99,0.7,0.66
21287,tsne,bert,0.99,0.64,0.64
21288,tsne,bert,0.99,0.64,0.63
21289,tsne,bert,0.99,0.71,0.63
21290,tsne,bert,0.99,0.7,0.64
21291,tsne,bert,0.99,0.67,0.67
21292,tsne,bert,0.99,0.69,0.64
21293,tsne,bert,0.99,0.61,0.57
21294,tsne,bert,0.99,0.7,0.67
21295,tsne,bert,0.99,0.68,0.68
21296,tsne,bert,0.99,0.63,0.63
21297,tsne,bert,0.99,0.71,0.65
21298,tsne,bert,0.99,0.6,0.54
21299,tsne,bert,0.99,0.68,0.63
21300,tsne,bert,0.99,0.7,0.67
21379,tsne,bert,0.99,0.74,0.7
21380,tsne,bert,0.99,0.74,0.69
21381,tsne,bert,0.99,0.69,0.69
21382,tsne,bert,0.99,0.63,0.6
21383,tsne,bert,0.99,0.73,0.65
21384,tsne,bert,0.99,0.68,0.64
21385,tsne,bert,0.99,0.72,0.66
21386,tsne,bert,0.99,0.72,0.69
21387,tsne,bert,0.99,0.75,0.67
21388,tsne,bert,0.99,0.7,0.69
21389,tsne,bert,0.99,0.72,0.65
21390,tsne,bert,0.99,0.72,0.66
21391,tsne,bert,0.99,0.74,0.64
21392,tsne,bert,0.99,0.71,0.63
21393,tsne,bert,0.99,0.74,0.68
21394,tsne,bert,0.99,0.73,0.66
21395,tsne,bert,0.99,0.74,0.65
21396,tsne,bert,0.99,0.74,0.69
21397,tsne,bert,0.99,0.75,0.7
21398,tsne,bert,0.99,0.63,0.6
21399,tsne,bert,0.99,0.71,0.63
21400,tsne,bert,0.99,0.73,0.72
21401,tsne,bert,0.99,0.73,0.72
21402,tsne,bert,0.99,0.74,0.66
21403,tsne,bert,0.99,0.72,0.67
21404,tsne,bert,0.99,0.74,0.65
21405,tsne,bert,0.99,0.62,0.6
21406,tsne,bert,0.99,0.74,0.66
21407,tsne,bert,0.99,0.72,0.64
21408,tsne,bert,0.99,0.71,0.69
21409,tsne,bert,0.99,0.72,0.65
21410,tsne,bert,0.99,0.74,0.71
21411,tsne,bert,0.99,0.73,0.65
21412,tsne,bert,0.99,0.71,0.64
21413,tsne,bert,0.99,0.69,0.69
21414,tsne,bert,0.99,0.74,0.71
21415,tsne,bert,0.99,0.68,0.73
21416,tsne,bert,0.99,0.7,0.67
21417,tsne,bert,0.99,0.61,0.59
21418,tsne,bert,0.99,0.69,0.64
21419,tsne,bert,0.99,0.71,0.64
21420,tsne,bert,0.99,0.61,0.62
21421,tsne,bert,0.99,0.73,0.69
21422,tsne,bert,0.99,0.7,0.62
21423,tsne,bert,0.99,0.77,0.65
21424,tsne,bert,0.99,0.68,0.63
21425,tsne,bert,0.99,0.62,0.58
21426,tsne,bert,0.99,0.75,0.68
21427,tsne,bert,0.99,0.74,0.67
21428,tsne,bert,0.99,0.75,0.7
21429,tsne,bert,0.99,0.73,0.7
21430,tsne,bert,0.99,0.73,0.64
21431,tsne,bert,0.99,0.73,0.7
21432,tsne,bert,0.99,0.74,0.71
21433,tsne,bert,0.99,0.65,0.59
21434,tsne,bert,0.99,0.74,0.67
21435,tsne,bert,0.99,0.62,0.6
21436,tsne,bert,0.99,0.71,0.63
21437,tsne,bert,0.99,0.74,0.7
21438,tsne,bert,0.99,0.73,0.63
21439,tsne,bert,0.99,0.74,0.67
21440,tsne,bert,0.99,0.73,0.65
21441,tsne,bert,0.99,0.74,0.69
21442,tsne,bert,0.99,0.69,0.61
21443,tsne,bert,0.99,0.71,0.65
21444,tsne,bert,0.99,0.68,0.72
21445,tsne,bert,0.99,0.78,0.67
21446,tsne,bert,0.99,0.76,0.65
21447,tsne,bert,0.99,0.73,0.69
21448,tsne,bert,0.99,0.75,0.7
21449,tsne,bert,0.99,0.74,0.65
21450,tsne,bert,0.99,0.73,0.64
21451,tsne,bert,0.99,0.68,0.73
21452,tsne,bert,0.99,0.71,0.68
21453,tsne,bert,0.99,0.74,0.66
21454,tsne,bert,0.99,0.73,0.71
21455,tsne,bert,0.99,0.74,0.67
21456,tsne,bert,0.99,0.73,0.7
21457,tsne,bert,0.99,0.63,0.6
21458,tsne,bert,0.99,0.7,0.62
21459,tsne,bert,0.99,0.79,0.68
21460,tsne,bert,0.99,0.74,0.68
21461,tsne,bert,0.99,0.73,0.7
21462,tsne,bert,0.99,0.74,0.68
21463,tsne,bert,0.99,0.77,0.66
21464,tsne,bert,0.99,0.73,0.64
21465,tsne,bert,0.99,0.74,0.65
21466,tsne,bert,0.99,0.65,0.59
21467,tsne,bert,0.99,0.7,0.67
21468,tsne,bert,0.99,0.73,0.69
21469,tsne,bert,0.99,0.73,0.65
21470,tsne,bert,0.99,0.74,0.71
21471,tsne,bert,0.99,0.72,0.65
21472,tsne,bert,0.99,0.71,0.67
21473,tsne,bert,0.99,0.72,0.67
21474,tsne,bert,0.99,0.7,0.69
21475,tsne,bert,0.99,0.74,0.71
21476,tsne,bert,0.99,0.72,0.64
21477,tsne,bert,0.99,0.75,0.68
21478,tsne,bert,0.99,0.73,0.64
21479,tsne,bert,0.99,0.77,0.66
21480,tsne,bert,0.99,0.71,0.67
21481,tsne,bert,0.99,0.74,0.71
21482,tsne,bert,0.99,0.73,0.65
21483,tsne,bert,0.99,0.71,0.63
21484,tsne,bert,0.99,0.69,0.68
21485,tsne,bert,0.99,0.69,0.65
21486,tsne,bert,0.99,0.79,0.68
21487,tsne,bert,0.99,0.75,0.69
21488,tsne,bert,0.99,0.73,0.68
21489,tsne,bert,0.99,0.73,0.65
21490,tsne,bert,0.99,0.75,0.69
21491,tsne,bert,0.99,0.73,0.7
21492,tsne,bert,0.99,0.75,0.7
21493,tsne,bert,0.99,0.69,0.69
21494,tsne,bert,0.99,0.65,0.6
21495,tsne,bert,0.99,0.73,0.69
21496,tsne,bert,0.99,0.75,0.67
21497,tsne,bert,0.99,0.61,0.59
21498,tsne,bert,0.99,0.74,0.71
21499,tsne,bert,0.99,0.73,0.72
21500,tsne,bert,0.99,0.74,0.69
21501,tsne,bert,0.99,0.72,0.64
21502,tsne,bert,0.99,0.64,0.59
21503,tsne,bert,0.99,0.63,0.6
21504,tsne,bert,0.99,0.62,0.6
21505,tsne,bert,0.99,0.74,0.65
21506,tsne,bert,0.99,0.74,0.68
21507,tsne,bert,0.99,0.77,0.67
21508,tsne,bert,0.99,0.7,0.62
21509,tsne,bert,0.99,0.62,0.57
21510,tsne,bert,0.99,0.75,0.67
21511,tsne,bert,0.99,0.74,0.69
21512,tsne,bert,0.99,0.75,0.65
21513,tsne,bert,0.99,0.74,0.65
21514,tsne,bert,0.99,0.74,0.7
21515,tsne,bert,0.99,0.74,0.65
21516,tsne,bert,0.99,0.74,0.64
21517,tsne,bert,0.99,0.73,0.66
21518,tsne,bert,0.99,0.74,0.64
21519,tsne,bert,0.99,0.67,0.71
21520,tsne,bert,0.99,0.74,0.65
21521,tsne,bert,0.99,0.73,0.68
21522,tsne,bert,0.99,0.74,0.7
21601,tsne,bert,0.99,0.69,0.7
21602,tsne,bert,0.99,0.69,0.7
21603,tsne,bert,0.99,0.68,0.69
21604,tsne,bert,0.99,0.72,0.67
21605,tsne,bert,0.99,0.73,0.64
21606,tsne,bert,0.99,0.7,0.71
21607,tsne,bert,0.99,0.69,0.69
21608,tsne,bert,0.99,0.72,0.64
21609,tsne,bert,0.99,0.69,0.69
21610,tsne,bert,0.99,0.72,0.65
21611,tsne,bert,0.99,0.72,0.63
21612,tsne,bert,0.99,0.69,0.7
21613,tsne,bert,0.99,0.65,0.57
21614,tsne,bert,0.99,0.72,0.63
21615,tsne,bert,0.99,0.71,0.67
21616,tsne,bert,0.99,0.73,0.65
21617,tsne,bert,0.99,0.7,0.68
21618,tsne,bert,0.99,0.69,0.69
21619,tsne,bert,0.99,0.7,0.67
21620,tsne,bert,0.99,0.7,0.71
21621,tsne,bert,0.99,0.69,0.67
21622,tsne,bert,0.99,0.68,0.61
21623,tsne,bert,0.99,0.68,0.7
21624,tsne,bert,0.99,0.72,0.65
21625,tsne,bert,0.99,0.73,0.65
21626,tsne,bert,0.99,0.71,0.64
21627,tsne,bert,0.99,0.68,0.61
21628,tsne,bert,0.99,0.64,0.58
21629,tsne,bert,0.99,0.71,0.67
21630,tsne,bert,0.99,0.72,0.64
21631,tsne,bert,0.99,0.72,0.63
21632,tsne,bert,0.99,0.65,0.57
21633,tsne,bert,0.99,0.72,0.64
21634,tsne,bert,0.99,0.72,0.64
21635,tsne,bert,0.99,0.64,0.6
21636,tsne,bert,0.99,0.69,0.68
21637,tsne,bert,0.99,0.72,0.64
21638,tsne,bert,0.99,0.69,0.68
21639,tsne,bert,0.99,0.63,0.6
21640,tsne,bert,0.99,0.69,0.66
21641,tsne,bert,0.99,0.69,0.7
21642,tsne,bert,0.99,0.72,0.64
21643,tsne,bert,0.99,0.68,0.69
21644,tsne,bert,0.99,0.64,0.58
21645,tsne,bert,0.99,0.68,0.7
21646,tsne,bert,0.99,0.69,0.7
21647,tsne,bert,0.99,0.68,0.69
21648,tsne,bert,0.99,0.68,0.68
21649,tsne,bert,0.99,0.68,0.68
21650,tsne,bert,0.99,0.68,0.67
21651,tsne,bert,0.99,0.64,0.58
21652,tsne,bert,0.99,0.69,0.7
21653,tsne,bert,0.99,0.68,0.69
21654,tsne,bert,0.99,0.64,0.6
21655,tsne,bert,0.99,0.69,0.7
21656,tsne,bert,0.99,0.7,0.66
21657,tsne,bert,0.99,0.72,0.65
21658,tsne,bert,0.99,0.68,0.69
21659,tsne,bert,0.99,0.72,0.65
21660,tsne,bert,0.99,0.7,0.66
21661,tsne,bert,0.99,0.7,0.67
21662,tsne,bert,0.99,0.67,0.68
21663,tsne,bert,0.99,0.69,0.66
21664,tsne,bert,0.99,0.73,0.64
21665,tsne,bert,0.99,0.69,0.62
21666,tsne,bert,0.99,0.7,0.69
21667,tsne,bert,0.99,0.7,0.71
21668,tsne,bert,0.99,0.69,0.7
21669,tsne,bert,0.99,0.72,0.66
21670,tsne,bert,0.99,0.65,0.57
21671,tsne,bert,0.99,0.73,0.65
21672,tsne,bert,0.99,0.64,0.58
21673,tsne,bert,0.99,0.68,0.62
21674,tsne,bert,0.99,0.69,0.69
21675,tsne,bert,0.99,0.65,0.57
21676,tsne,bert,0.99,0.7,0.67
21677,tsne,bert,0.99,0.65,0.57
21678,tsne,bert,0.99,0.73,0.65
21679,tsne,bert,0.99,0.64,0.57
21680,tsne,bert,0.99,0.7,0.69
21681,tsne,bert,0.99,0.69,0.63
21682,tsne,bert,0.99,0.7,0.69
21683,tsne,bert,0.99,0.65,0.56
21684,tsne,bert,0.99,0.68,0.68
21685,tsne,bert,0.99,0.7,0.7
21686,tsne,bert,0.99,0.69,0.7
21687,tsne,bert,0.99,0.73,0.66
21688,tsne,bert,0.99,0.68,0.68
21689,tsne,bert,0.99,0.7,0.65
21690,tsne,bert,0.99,0.68,0.69
21691,tsne,bert,0.99,0.63,0.6
21692,tsne,bert,0.99,0.7,0.68
21693,tsne,bert,0.99,0.69,0.69
21694,tsne,bert,0.99,0.72,0.63
21695,tsne,bert,0.99,0.7,0.69
21696,tsne,bert,0.99,0.72,0.66
21697,tsne,bert,0.99,0.68,0.69
21698,tsne,bert,0.99,0.72,0.64
21699,tsne,bert,0.99,0.7,0.69
21700,tsne,bert,0.99,0.69,0.7
21701,tsne,bert,0.99,0.68,0.68
21702,tsne,bert,0.99,0.69,0.7
21703,tsne,bert,0.99,0.7,0.7
21704,tsne,bert,0.99,0.71,0.65
21705,tsne,bert,0.99,0.68,0.62
21706,tsne,bert,0.99,0.73,0.63
21707,tsne,bert,0.99,0.7,0.69
21708,tsne,bert,0.99,0.68,0.69
21709,tsne,bert,0.99,0.73,0.65
21710,tsne,bert,0.99,0.72,0.64
21711,tsne,bert,0.99,0.69,0.69
21712,tsne,bert,0.99,0.67,0.68
21713,tsne,bert,0.99,0.7,0.7
21714,tsne,bert,0.99,0.68,0.62
21715,tsne,bert,0.99,0.67,0.68
21716,tsne,bert,0.99,0.69,0.69
21717,tsne,bert,0.99,0.68,0.67
21718,tsne,bert,0.99,0.72,0.66
21719,tsne,bert,0.99,0.69,0.7
21720,tsne,bert,0.99,0.7,0.67
21721,tsne,bert,0.99,0.7,0.7
21722,tsne,bert,0.99,0.69,0.68
21723,tsne,bert,0.99,0.73,0.66
21724,tsne,bert,0.99,0.67,0.68
21725,tsne,bert,0.99,0.71,0.67
21726,tsne,bert,0.99,0.7,0.67
21727,tsne,bert,0.99,0.68,0.68
21728,tsne,bert,0.99,0.68,0.67
21729,tsne,bert,0.99,0.68,0.68
21730,tsne,bert,0.99,0.73,0.64
21731,tsne,bert,0.99,0.72,0.66
21732,tsne,bert,0.99,0.64,0.58
21733,tsne,bert,0.99,0.69,0.63
21734,tsne,bert,0.99,0.71,0.64
21735,tsne,bert,0.99,0.69,0.69
21736,tsne,bert,0.99,0.69,0.7
21737,tsne,bert,0.99,0.69,0.7
21738,tsne,bert,0.99,0.7,0.66
21739,tsne,bert,0.99,0.69,0.69
21740,tsne,bert,0.99,0.68,0.7
21741,tsne,bert,0.99,0.69,0.68
21742,tsne,bert,0.99,0.72,0.67
21743,tsne,bert,0.99,0.68,0.68
21744,tsne,bert,0.99,0.69,0.69
21823,tsne,bert,0.99,0.68,0.69
21824,tsne,bert,0.99,0.69,0.66
21825,tsne,bert,0.98,0.65,0.61
21826,tsne,bert,0.98,0.69,0.66
21827,tsne,bert,0.98,0.7,0.66
21828,tsne,bert,0.99,0.71,0.65
21829,tsne,bert,0.99,0.69,0.67
21830,tsne,bert,0.99,0.7,0.66
21831,tsne,bert,0.99,0.69,0.66
21832,tsne,bert,0.98,0.72,0.66
21833,tsne,bert,0.98,0.68,0.65
21834,tsne,bert,0.98,0.7,0.69
21835,tsne,bert,0.98,0.69,0.64
21836,tsne,bert,0.99,0.71,0.63
21837,tsne,bert,0.99,0.7,0.64
21838,tsne,bert,0.99,0.7,0.66
21839,tsne,bert,0.98,0.68,0.65
21840,tsne,bert,0.99,0.72,0.62
21841,tsne,bert,0.99,0.69,0.69
21842,tsne,bert,0.98,0.69,0.69
21843,tsne,bert,0.98,0.65,0.62
21844,tsne,bert,0.99,0.71,0.65
21845,tsne,bert,0.98,0.66,0.62
21846,tsne,bert,0.99,0.7,0.67
21847,tsne,bert,0.98,0.7,0.64
21848,tsne,bert,0.99,0.7,0.63
21849,tsne,bert,0.98,0.71,0.65
21850,tsne,bert,0.98,0.68,0.63
21851,tsne,bert,0.98,0.72,0.65
21852,tsne,bert,0.98,0.7,0.67
21853,tsne,bert,0.99,0.69,0.65
21854,tsne,bert,0.99,0.69,0.66
21855,tsne,bert,0.98,0.69,0.66
21856,tsne,bert,0.98,0.65,0.6
21857,tsne,bert,0.99,0.69,0.67
21858,tsne,bert,0.99,0.71,0.65
21859,tsne,bert,0.98,0.65,0.59
21860,tsne,bert,0.99,0.7,0.66
21861,tsne,bert,0.98,0.71,0.62
21862,tsne,bert,0.98,0.72,0.62
21863,tsne,bert,0.99,0.7,0.63
21864,tsne,bert,0.99,0.69,0.64
21865,tsne,bert,0.99,0.7,0.66
21866,tsne,bert,0.98,0.69,0.68
21867,tsne,bert,0.98,0.69,0.66
21868,tsne,bert,0.99,0.72,0.64
21869,tsne,bert,0.99,0.71,0.64
21870,tsne,bert,0.98,0.68,0.66
21871,tsne,bert,0.99,0.72,0.66
21872,tsne,bert,0.99,0.7,0.67
21873,tsne,bert,0.98,0.65,0.58
21874,tsne,bert,0.99,0.69,0.66
21875,tsne,bert,0.98,0.72,0.66
21876,tsne,bert,0.99,0.72,0.64
21877,tsne,bert,0.99,0.69,0.69
21878,tsne,bert,0.98,0.72,0.66
21879,tsne,bert,0.99,0.69,0.65
21880,tsne,bert,0.99,0.7,0.66
21881,tsne,bert,0.99,0.7,0.63
21882,tsne,bert,0.99,0.7,0.66
21883,tsne,bert,0.99,0.7,0.67
21884,tsne,bert,0.98,0.65,0.58
21885,tsne,bert,0.99,0.68,0.65
21886,tsne,bert,0.98,0.69,0.66
21887,tsne,bert,0.99,0.71,0.64
21888,tsne,bert,0.98,0.65,0.61
21889,tsne,bert,0.99,0.7,0.65
21890,tsne,bert,0.99,0.69,0.65
21891,tsne,bert,0.98,0.68,0.64
21892,tsne,bert,0.98,0.66,0.62
21893,tsne,bert,0.99,0.69,0.65
21894,tsne,bert,0.98,0.72,0.61
21895,tsne,bert,0.98,0.71,0.63
21896,tsne,bert,0.98,0.69,0.63
21897,tsne,bert,0.98,0.65,0.59
21898,tsne,bert,0.99,0.72,0.64
21899,tsne,bert,0.98,0.66,0.62
21900,tsne,bert,0.98,0.72,0.66
21901,tsne,bert,0.99,0.71,0.64
21902,tsne,bert,0.99,0.7,0.67
21903,tsne,bert,0.98,0.65,0.59
21904,tsne,bert,0.99,0.73,0.66
21905,tsne,bert,0.98,0.65,0.6
21906,tsne,bert,0.99,0.71,0.65
21907,tsne,bert,0.99,0.7,0.65
21908,tsne,bert,0.98,0.68,0.63
21909,tsne,bert,0.98,0.68,0.65
21910,tsne,bert,0.99,0.69,0.66
21911,tsne,bert,0.99,0.7,0.66
21912,tsne,bert,0.98,0.65,0.59
21913,tsne,bert,0.98,0.65,0.6
21914,tsne,bert,0.99,0.69,0.65
21915,tsne,bert,0.98,0.68,0.68
21916,tsne,bert,0.98,0.71,0.64
21917,tsne,bert,0.98,0.71,0.63
21918,tsne,bert,0.99,0.72,0.66
21919,tsne,bert,0.99,0.71,0.65
21920,tsne,bert,0.99,0.69,0.66
21921,tsne,bert,0.99,0.7,0.66
21922,tsne,bert,0.98,0.68,0.64
21923,tsne,bert,0.98,0.7,0.64
21924,tsne,bert,0.99,0.69,0.62
21925,tsne,bert,0.98,0.7,0.67
21926,tsne,bert,0.98,0.69,0.65
21927,tsne,bert,0.99,0.71,0.63
21928,tsne,bert,0.98,0.7,0.67
21929,tsne,bert,0.98,0.72,0.66
21930,tsne,bert,0.99,0.69,0.66
21931,tsne,bert,0.99,0.72,0.64
21932,tsne,bert,0.99,0.72,0.65
21933,tsne,bert,0.99,0.71,0.63
21934,tsne,bert,0.98,0.65,0.58
21935,tsne,bert,0.99,0.68,0.69
21936,tsne,bert,0.98,0.69,0.62
21937,tsne,bert,0.99,0.69,0.65
21938,tsne,bert,0.99,0.7,0.66
21939,tsne,bert,0.99,0.7,0.66
21940,tsne,bert,0.98,0.69,0.68
21941,tsne,bert,0.98,0.65,0.58
21942,tsne,bert,0.99,0.7,0.67
21943,tsne,bert,0.98,0.72,0.66
21944,tsne,bert,0.98,0.72,0.66
21945,tsne,bert,0.99,0.7,0.66
21946,tsne,bert,0.98,0.67,0.63
21947,tsne,bert,0.99,0.72,0.65
21948,tsne,bert,0.98,0.69,0.65
21949,tsne,bert,0.99,0.69,0.64
21950,tsne,bert,0.98,0.72,0.65
21951,tsne,bert,0.98,0.68,0.63
21952,tsne,bert,0.99,0.7,0.66
21953,tsne,bert,0.98,0.65,0.62
21954,tsne,bert,0.98,0.65,0.59
21955,tsne,bert,0.98,0.69,0.66
21956,tsne,bert,0.98,0.69,0.64
21957,tsne,bert,0.99,0.69,0.65
21958,tsne,bert,0.98,0.68,0.67
21959,tsne,bert,0.98,0.69,0.62
21960,tsne,bert,0.98,0.69,0.67
21961,tsne,bert,0.99,0.7,0.63
21962,tsne,bert,0.98,0.69,0.64
21963,tsne,bert,0.99,0.73,0.66
21964,tsne,bert,0.98,0.71,0.64
21965,tsne,bert,0.99,0.69,0.65
21966,tsne,bert,0.99,0.69,0.66
22045,tsne,bert,0.98,0.68,0.63
22046,tsne,bert,0.99,0.69,0.67
22047,tsne,bert,0.98,0.68,0.68
22048,tsne,bert,0.99,0.72,0.68
22049,tsne,bert,0.98,0.67,0.61
22050,tsne,bert,0.99,0.71,0.67
22051,tsne,bert,0.99,0.73,0.67
22052,tsne,bert,0.98,0.68,0.66
22053,tsne,bert,0.98,0.74,0.68
22054,tsne,bert,0.99,0.69,0.69
22055,tsne,bert,0.99,0.68,0.68
22056,tsne,bert,0.98,0.64,0.57
22057,tsne,bert,0.99,0.71,0.67
22058,tsne,bert,0.98,0.7,0.67
22059,tsne,bert,0.98,0.67,0.62
22060,tsne,bert,0.98,0.66,0.67
22061,tsne,bert,0.99,0.69,0.67
22062,tsne,bert,0.99,0.73,0.68
22063,tsne,bert,0.98,0.64,0.56
22064,tsne,bert,0.98,0.67,0.65
22065,tsne,bert,0.99,0.69,0.67
22066,tsne,bert,0.98,0.67,0.67
22067,tsne,bert,0.99,0.69,0.67
22068,tsne,bert,0.99,0.69,0.68
22069,tsne,bert,0.99,0.68,0.66
22070,tsne,bert,0.99,0.69,0.69
22071,tsne,bert,0.99,0.73,0.67
22072,tsne,bert,0.99,0.69,0.67
22073,tsne,bert,0.98,0.64,0.58
22074,tsne,bert,0.99,0.68,0.69
22075,tsne,bert,0.98,0.67,0.62
22076,tsne,bert,0.98,0.66,0.67
22077,tsne,bert,0.98,0.67,0.65
22078,tsne,bert,0.99,0.69,0.67
22079,tsne,bert,0.99,0.73,0.67
22080,tsne,bert,0.99,0.72,0.68
22081,tsne,bert,0.99,0.67,0.68
22082,tsne,bert,0.99,0.69,0.68
22083,tsne,bert,0.98,0.66,0.57
22084,tsne,bert,0.98,0.74,0.68
22085,tsne,bert,0.99,0.69,0.67
22086,tsne,bert,0.99,0.69,0.67
22087,tsne,bert,0.98,0.65,0.59
22088,tsne,bert,0.99,0.72,0.68
22089,tsne,bert,0.99,0.69,0.67
22090,tsne,bert,0.98,0.68,0.65
22091,tsne,bert,0.98,0.67,0.62
22092,tsne,bert,0.98,0.68,0.67
22093,tsne,bert,0.99,0.69,0.67
22094,tsne,bert,0.99,0.73,0.67
22095,tsne,bert,0.99,0.68,0.68
22096,tsne,bert,0.98,0.67,0.65
22097,tsne,bert,0.99,0.73,0.68
22098,tsne,bert,0.98,0.69,0.66
22099,tsne,bert,0.98,0.65,0.59
22100,tsne,bert,0.99,0.68,0.69
22101,tsne,bert,0.99,0.72,0.67
22102,tsne,bert,0.98,0.67,0.67
22103,tsne,bert,0.98,0.66,0.57
22104,tsne,bert,0.98,0.71,0.68
22105,tsne,bert,0.98,0.68,0.68
22106,tsne,bert,0.99,0.73,0.67
22107,tsne,bert,0.99,0.72,0.68
22108,tsne,bert,0.98,0.67,0.67
22109,tsne,bert,0.99,0.69,0.67
22110,tsne,bert,0.99,0.71,0.67
22111,tsne,bert,0.98,0.74,0.67
22112,tsne,bert,0.98,0.66,0.57
22113,tsne,bert,0.98,0.63,0.56
22114,tsne,bert,0.99,0.68,0.68
22115,tsne,bert,0.99,0.72,0.67
22116,tsne,bert,0.98,0.67,0.68
22117,tsne,bert,0.99,0.69,0.66
22118,tsne,bert,0.99,0.68,0.69
22119,tsne,bert,0.98,0.68,0.65
22120,tsne,bert,0.98,0.67,0.67
22121,tsne,bert,0.99,0.7,0.67
22122,tsne,bert,0.98,0.7,0.65
22123,tsne,bert,0.99,0.7,0.67
22124,tsne,bert,0.98,0.68,0.67
22125,tsne,bert,0.99,0.69,0.69
22126,tsne,bert,0.99,0.68,0.68
22127,tsne,bert,0.98,0.65,0.59
22128,tsne,bert,0.99,0.71,0.68
22129,tsne,bert,0.98,0.69,0.66
22130,tsne,bert,0.99,0.72,0.68
22131,tsne,bert,0.99,0.73,0.66
22132,tsne,bert,0.98,0.68,0.67
22133,tsne,bert,0.99,0.69,0.67
22134,tsne,bert,0.98,0.68,0.69
22135,tsne,bert,0.99,0.68,0.69
22136,tsne,bert,0.99,0.69,0.66
22137,tsne,bert,0.98,0.68,0.68
22138,tsne,bert,0.99,0.68,0.68
22139,tsne,bert,0.99,0.72,0.66
22140,tsne,bert,0.99,0.69,0.69
22141,tsne,bert,0.98,0.67,0.68
22142,tsne,bert,0.99,0.69,0.67
22143,tsne,bert,0.98,0.67,0.58
22144,tsne,bert,0.99,0.72,0.68
22145,tsne,bert,0.99,0.69,0.68
22146,tsne,bert,0.99,0.69,0.67
22147,tsne,bert,0.98,0.64,0.56
22148,tsne,bert,0.98,0.71,0.68
22149,tsne,bert,0.98,0.67,0.61
22150,tsne,bert,0.98,0.68,0.62
22151,tsne,bert,0.99,0.69,0.67
22152,tsne,bert,0.99,0.73,0.65
22153,tsne,bert,0.98,0.67,0.68
22154,tsne,bert,0.99,0.69,0.68
22155,tsne,bert,0.99,0.69,0.67
22156,tsne,bert,0.98,0.68,0.65
22157,tsne,bert,0.98,0.68,0.63
22158,tsne,bert,0.98,0.67,0.69
22159,tsne,bert,0.99,0.69,0.66
22160,tsne,bert,0.98,0.68,0.68
22161,tsne,bert,0.99,0.73,0.65
22162,tsne,bert,0.99,0.69,0.67
22163,tsne,bert,0.98,0.68,0.63
22164,tsne,bert,0.99,0.69,0.68
22165,tsne,bert,0.99,0.73,0.67
22166,tsne,bert,0.99,0.71,0.68
22167,tsne,bert,0.99,0.69,0.68
22168,tsne,bert,0.99,0.7,0.66
22169,tsne,bert,0.99,0.69,0.67
22170,tsne,bert,0.98,0.67,0.67
22171,tsne,bert,0.99,0.68,0.69
22172,tsne,bert,0.99,0.68,0.66
22173,tsne,bert,0.99,0.69,0.67
22174,tsne,bert,0.99,0.69,0.68
22175,tsne,bert,0.99,0.69,0.68
22176,tsne,bert,0.98,0.67,0.65
22177,tsne,bert,0.98,0.71,0.68
22178,tsne,bert,0.99,0.69,0.66
22179,tsne,bert,0.99,0.69,0.67
22180,tsne,bert,0.98,0.68,0.65
22181,tsne,bert,0.99,0.71,0.66
22182,tsne,bert,0.99,0.69,0.67
22183,tsne,bert,0.99,0.69,0.67
22184,tsne,bert,0.98,0.67,0.68
22185,tsne,bert,0.98,0.68,0.66
22186,tsne,bert,0.99,0.73,0.66
22187,tsne,bert,0.99,0.69,0.67
22188,tsne,bert,0.98,0.66,0.58
